Tiempo,Volt
-1.5e-05,0.8056148881819781
-1.5e-05,0.8027977582384586
-1.5e-05,0.7999334883952739
-1.49e-05,0.7970240605879239
-1.49e-05,0.7940715133604442
-1.49e-05,0.7910779391044908
-1.49e-05,0.7880454811982543
-1.48e-05,0.7849763310501887
-1.48e-05,0.7818727250527406
-1.48e-05,0.7787369414514697
-1.48e-05,0.7755712971351181
-1.47e-05,0.7723781443523788
-1.47e-05,0.76915986736126
-1.47e-05,0.7659188790170983
-1.47e-05,0.7626576173054175
-1.46e-05,0.7593785418259374
-1.46e-05,0.7560841302341714
-1.46e-05,0.7527768746471318
-1.46e-05,0.7494592780197602
-1.45e-05,0.7461338504987673
-1.45e-05,0.7428031057606247
-1.45e-05,0.7394695573405001
-1.45e-05,0.7361357149589512
-1.44e-05,0.7328040808532191
-1.44e-05,0.7294771461199564
-1.44e-05,0.726157387076217
-1.44e-05,0.7228472616455099
-1.43e-05,0.7195492057756772
-1.43e-05,0.7162656298953004
-1.43e-05,0.7129989154152763
-1.43e-05,0.7097514112821166
-1.42e-05,0.7065254305894324
-1.42e-05,0.7033232472539526
-1.42e-05,0.7001470927623056
-1.42e-05,0.6969991529946568
-1.41e-05,0.6938815651311421
-1.41e-05,0.6907964146468842
-1.41e-05,0.6877457324011975
-1.41e-05,0.6847314918264035
-1.4e-05,0.6817556062214913
-1.4e-05,0.6788199261556327
-1.4e-05,0.6759262369863611
-1.4e-05,0.6730762564969831
-1.39e-05,0.6702716326575591
-1.39e-05,0.6675139415135402
-1.39e-05,0.6648046852058948
-1.39e-05,0.6621452901262922
-1.38e-05,0.6595371052106401
-1.38e-05,0.6569814003739957
-1.38e-05,0.654479365089585
-1.38e-05,0.6520321071143738
-1.37e-05,0.6496406513633383
-1.37e-05,0.6473059389342877
-1.37e-05,0.645028826284779
-1.37e-05,0.6428100845623677
-1.36e-05,0.6406503990891197
-1.36e-05,0.6385503690010047
-1.36e-05,0.6365105070424774
-1.36e-05,0.6345312395162356
-1.35e-05,0.632612906387842
-1.35e-05,0.6307557615445718
-1.35e-05,0.6289599732075503
-1.35e-05,0.6272256244959248
-1.34e-05,0.6255527141415232
-1.34e-05,0.623941157352136
-1.34e-05,0.6223907868212718
-1.34e-05,0.6209013538819406
-1.33e-05,0.6194725298017254
-1.33e-05,0.6181039072161358
-1.33e-05,0.6167950016969458
-1.33e-05,0.6155452534519654
-1.32e-05,0.6143540291524258
-1.32e-05,0.613220623883914
-1.32e-05,0.6121442632165451
-1.32e-05,0.6111241053898353
-1.31e-05,0.610159243607503
-1.31e-05,0.6092487084372293
-1.31e-05,0.6083914703101971
-1.31e-05,0.607586442115037
-1.3e-05,0.6068324818806387
-1.3e-05,0.606128395542111
-1.3e-05,0.6054729397840255
-1.3e-05,0.6048648249549337
-1.29e-05,0.6043027180470241
-1.29e-05,0.6037852457346639
-1.29e-05,0.6033109974654756
-1.29e-05,0.6028785285975081
-1.28e-05,0.6024863635759865
-1.28e-05,0.6021329991430664
-1.28e-05,0.601816907573977
-1.28e-05,0.6015365399328976
-1.27e-05,0.6012903293419029
-1.27e-05,0.6010766942563043
-1.27e-05,0.6008940417397302
-1.27e-05,0.6007407707323101
-1.26e-05,0.6006152753053704
-1.26e-05,0.6005159478960996
-1.26e-05,0.6004411825157154
-1.26e-05,0.6003893779247385
-1.25e-05,0.6003589407690793
-1.25e-05,0.6003482886707521
-1.25e-05,0.6003558532671474
-1.25e-05,0.6003800831929323
-1.24e-05,0.6004194469987923
-1.24e-05,0.6004724360013854
-1.24e-05,0.6005375670590558
-1.24e-05,0.6006133852680247
-1.23e-05,0.600698466573978
-1.23e-05,0.6007914202941692
-1.23e-05,0.6008908915453658
-1.23e-05,0.6009955635731943
-1.22e-05,0.6011041599786671
-1.22e-05,0.6012154468379105
-1.22e-05,0.6013282347113695
-1.22e-05,0.601441380539006
-1.21e-05,0.601553789418282
-1.21e-05,0.6016644162619744
-1.21e-05,0.6017722673331474
-1.21e-05,0.6018764016548855
-1.2e-05,0.601975932292669
-1.2e-05,0.6020700275075588
-1.2e-05,0.6021579117786509
-1.2e-05,0.6022388666935442
-1.19e-05,0.602312231705862
-1.19e-05,0.6023774047591589
-1.19e-05,0.6024338427768401
-1.19e-05,0.6024810620180087
-1.18e-05,0.6025186382994542
-1.18e-05,0.6025462070842843
-1.18e-05,0.6025634634379848
-1.18e-05,0.6025701618529877
-1.17e-05,0.6025661159431003
-1.17e-05,0.6025511980094317
-1.17e-05,0.6025253384797211
-1.17e-05,0.6024885252232455
-1.16e-05,0.6024408027437389
-1.16e-05,0.6023822712530178
-1.16e-05,0.6023130856282478
-1.16e-05,0.602233454256035
-1.15e-05,0.6021436377667481
-1.15e-05,0.6020439476627107
-1.15e-05,0.6019347448441115
-1.15e-05,0.6018164380366842
-1.14e-05,0.6016894821254125
-1.14e-05,0.6015543763986853
-1.14e-05,0.6014116627075182
-1.14e-05,0.601261923544606
-1.13e-05,0.6011057800481279
-1.13e-05,0.6009438899353707
-1.13e-05,0.6007769453713525
-1.13e-05,0.6006056707777543
-1.12e-05,0.6004308205875624
-1.12e-05,0.600253176950922
-1.12e-05,0.6000735473977694
-1.12e-05,0.5998927624628865
-1.11e-05,0.5997116732790592
-1.11e-05,0.5995311491440707
-1.11e-05,0.5993520750672805
-1.11e-05,0.5991753493015474
-1.1e-05,0.5990018808662645
-1.1e-05,0.5988325870672442
-1.1e-05,0.5986683910191802
-1.1e-05,0.5985102191763575
-1.09e-05,0.5983589988772396
-1.09e-05,0.5982156559084888
-1.09e-05,0.5980811120939018
-1.09e-05,0.5979562829136481
-1.08e-05,0.5978420751591018
-1.08e-05,0.5977393846284348
-1.08e-05,0.5976490938680243
-1.08e-05,0.5975720699645837
-1.07e-05,0.5975091623927808
-1.07e-05,0.5974612009229514
-1.07e-05,0.5974289935933478
-1.07e-05,0.5974133247511862
-1.06e-05,0.5974149531665707
-1.06e-05,0.5974346102231786
-1.06e-05,0.5974729981893888
-1.06e-05,0.5975307885733252
-1.05e-05,0.5976086205650731
-1.05e-05,0.5977070995691008
-1.05e-05,0.5978267958296898
-1.05e-05,0.5979682431519473
-1.04e-05,0.5981319377207267
-1.04e-05,0.5983183370195508
-1.04e-05,0.5985278588513723
-1.04e-05,0.5987608804627667
-1.03e-05,0.5990177377728964
-1.03e-05,0.5992987247083297
-1.03e-05,0.5996040926445424
-1.03e-05,0.5999340499546801
-1.02e-05,0.6002887616658934
-1.02e-05,0.6006683492233089
-1.02e-05,0.6010728903614467
-1.02e-05,0.6015024190826342
-1.01e-05,0.6019569257417247
-1.01e-05,0.602436357236174
-1.01e-05,0.6029406173002941
-1.01e-05,0.60346956690225
-1e-05,0.6040230247421465
-1e-05,0.6046007678493055
-9.98e-06,0.6052025322766237
-9.96e-06,0.6058280138896724
-9.93e-06,0.6064768692479979
-9.91e-06,0.6071487165758666
-9.88e-06,0.6078431368195133
-9.86e-06,0.6085596747877547
-9.83e-06,0.60929784037265
-9.81e-06,0.6100571098467221
-9.78e-06,0.6108369272330919
-9.76e-06,0.6116367057447162
-9.73e-06,0.6124558292887897
-9.71e-06,0.6132936540322249
-9.68e-06,0.6141495100240174
-9.66e-06,0.6150227028701718
-9.63e-06,0.6159125154567849
-9.61e-06,0.6168182097167747
-9.58e-06,0.6177390284356747
-9.56e-06,0.6186741970918458
-9.53e-06,0.6196229257263961
-9.51e-06,0.6205844108380619
-9.48e-06,0.6215578372982684
-9.46e-06,0.6225423802815625
-9.43e-06,0.6235372072066127
-9.41e-06,0.6245414796829589
-9.38e-06,0.6255543554587248
-9.36e-06,0.626574990364514
-9.33e-06,0.6276025402487644
-9.31e-06,0.6286361628998722
-9.28e-06,0.6296750199504616
-9.26e-06,0.6307182787592424
-9.23e-06,0.6317651142659849
-9.21e-06,0.6328147108152259
-9.18e-06,0.6338662639444231
-9.16e-06,0.6349189821323921
-9.13e-06,0.6359720885039697
-9.11e-06,0.6370248224869911
-9.08e-06,0.6380764414177921
-9.06e-06,0.6391262220916111
-9.03e-06,0.6401734622544097
-9.01e-06,0.6412174820327942
-8.98e-06,0.6422576252989008
-8.96e-06,0.6432932609672741
-8.93e-06,0.6443237842209546
-8.91e-06,0.6453486176641867
-8.88e-06,0.6463672123993441
-8.86e-06,0.6473790490258784
-8.83e-06,0.6483836385592928
-8.81e-06,0.6493805232683583
-8.78e-06,0.650369277428996
-8.76e-06,0.6513495079934664
-8.73e-06,0.6523208551737224
-8.71e-06,0.6532829929379993
-8.68e-06,0.6542356294199393
-8.66e-06,0.6551785072397617
-8.63e-06,0.656111403737217
-8.61e-06,0.6570341311162787
-8.58e-06,0.6579465365017475
-8.56e-06,0.6588485019081587
-8.53e-06,0.6597399441216015
-8.51e-06,0.6606208144952698
-8.48e-06,0.6614910986597741
-8.46e-06,0.6623508161494535
-8.43e-06,0.6632000199461252
-8.41e-06,0.664038795941907
-8.38e-06,0.6648672623229485
-8.36e-06,0.6656855688760818
-8.33e-06,0.6664938962205953
-8.31e-06,0.6672924549675033
-8.28e-06,0.668081484808856
-8.26e-06,0.6688612535397918
-8.23e-06,0.6696320560161944
-8.21e-06,0.6703942130509565
-8.18e-06,0.6711480702519955
-8.16e-06,0.6718939968052935
-8.13e-06,0.6726323842063545
-8.11e-06,0.6733636449435877
-8.08e-06,0.6740882111372222
-8.06e-06,0.6748065331374581
-8.03e-06,0.6755190780856374
-8.01e-06,0.6762263284422981
-7.98e-06,0.6769287804860302
-7.96e-06,0.6776269427871163
-7.93e-06,0.6783213346599741
-7.91e-06,0.6790124845984592
-7.88e-06,0.6797009286981031
-7.86e-06,0.6803872090693809
-7.83e-06,0.681071872246098
-7.81e-06,0.681755467592988
-7.78e-06,0.6824385457165846
-7.76e-06,0.6831216568834124
-7.73e-06,0.6838053494494963
-7.71e-06,0.6844901683051485
-7.68e-06,0.6851766533389263
-7.66e-06,0.6858653379245966
-7.63e-06,0.6865567474348578
-7.61e-06,0.6872513977854919
-7.58e-06,0.6879497940135196
-7.56e-06,0.688652428892834
-7.53e-06,0.6893597815906711
-7.51e-06,0.6900723163681642
-7.48e-06,0.6907904813280968
-7.46e-06,0.6915147072128334
-7.43e-06,0.6922454062552762
-7.41e-06,0.6929829710855363
-7.38e-06,0.6937277736958648
-7.36e-06,0.6944801644662218
-7.33e-06,0.6952404712527013
-7.31e-06,0.6960089985408623
-7.28e-06,0.6967860266658361
-7.26e-06,0.6975718111009057
-7.23e-06,0.6983665818160742
-7.21e-06,0.6991705427079487
-7.18e-06,0.6999838711020825
-7.16e-06,0.7008067173287316
-7.13e-06,0.7016392043727805
-7.11e-06,0.7024814275984171
-7.08e-06,0.7033334545489216
-7.06e-06,0.7041953248217658
-7.03e-06,0.7050670500190043
-7.01e-06,0.7059486137727621
-6.98e-06,0.7068399718454258
-6.96e-06,0.7077410523039589
-6.93e-06,0.7086517557675728
-6.91e-06,0.7095719557278033
-6.88e-06,0.7105014989398623
-6.86e-06,0.7114402058839518
-6.83e-06,0.712387871295061
-6.81e-06,0.7133442647595929
-6.78e-06,0.7143091313770037
-6.76e-06,0.7152821924844839
-6.73e-06,0.7162631464425487
-6.71e-06,0.7172516694792651
-6.68e-06,0.7182474165906971
-6.66e-06,0.7192500224950222
-6.63e-06,0.7202591026376344
-6.61e-06,0.7212742542444415
-6.58e-06,0.722295057420443
-6.56e-06,0.7233210762905715
-6.53e-06,0.7243518601796882
-6.51e-06,0.7253869448285286
-6.48e-06,0.7264258536423192
-6.46e-06,0.7274680989687099
-6.43e-06,0.7285131834016115
-6.41e-06,0.7295606011074629
-6.38e-06,0.7306098391704208
-6.36e-06,0.7316603789529166
-6.33e-06,0.7327116974680077
-6.31e-06,0.7337632687599306
-6.28e-06,0.7348145652892499
-6.26e-06,0.7358650593190071
-6.23e-06,0.7369142242982768
-6.21e-06,0.737961536239558
-6.18e-06,0.7390064750864616
-6.16e-06,0.740048526068183
-6.13e-06,0.7410871810373039
-6.11e-06,0.7421219397875175
-6.08e-06,0.7431523113479346
-6.06e-06,0.7441778152506979
-6.03e-06,0.7451979827687192
-6.01e-06,0.746212358120427
-5.98e-06,0.7472204996385249
-5.96e-06,0.7482219808998448
-5.93e-06,0.7492163918135046
-5.91e-06,0.7502033396646848
-5.88e-06,0.7511824501114664
-5.86e-06,0.7521533681322989
-5.83e-06,0.7531157589218034
-5.81e-06,0.7540693087327515
-5.78e-06,0.755013725662213
-5.76e-06,0.755948740380004
-5.73e-06,0.7568741067977319
-5.71e-06,0.7577896026768817
-5.68e-06,0.7586950301745566
-5.66e-06,0.7595902163256439
-5.63e-06,0.7604750134603445
-5.61e-06,0.7613492995561799
-5.58e-06,0.7622129785237483
-5.56e-06,0.7630659804256852
-5.53e-06,0.7639082616284482
-5.51e-06,0.7647398048867219
-5.48e-06,0.7655606193604122
-5.46e-06,0.7663707405643659
-5.43e-06,0.7671702302511348
-5.41e-06,0.7679591762272563
-5.38e-06,0.7687376921037067
-5.36e-06,0.7695059169813402
-5.33e-06,0.7702640150722915
-5.31e-06,0.7710121752584818
-5.28e-06,0.7717506105885228
-5.26e-06,0.7724795577144682
-5.23e-06,0.7731992762700085
-5.21e-06,0.7739100481918505
-5.18e-06,0.7746121769861625
-5.16e-06,0.7753059869421003
-5.13e-06,0.7759918222945525
-5.11e-06,0.7766700463383753
-5.08e-06,0.7773410404964944
-5.06e-06,0.7780052033443652
-5.03e-06,0.7786629495933866
-5.01e-06,0.7793147090359563
-4.98e-06,0.7799609254549468
-4.96e-06,0.7806020555004615
-4.93e-06,0.7812385675368038
-4.91e-06,0.7818709404626609
-4.88e-06,0.782499662507555
-4.86e-06,0.783125230007675
-4.83e-06,0.7837481461642327
-4.81e-06,0.7843689197875283
-4.78e-06,0.7849880640299357
-4.76e-06,0.7856060951110277
-4.73e-06,0.7862235310380781
-4.71e-06,0.7868408903251748
-4.68e-06,0.7874586907141675
-4.66e-06,0.7880774479006626
-4.63e-06,0.7886976742682476
-4.61e-06,0.7893198776341003
-4.58e-06,0.7899445600090926
-4.56e-06,0.7905722163754517
-4.53e-06,0.7912033334849911
-4.51e-06,0.7918383886808456
-4.48e-06,0.7924778487455935
-4.46e-06,0.7931221687785478
-4.43e-06,0.7937717911049375
-4.41e-06,0.794427144219584
-4.38e-06,0.7950886417676002
-4.36e-06,0.7957566815645166
-4.33e-06,0.7964316446581476
-4.31e-06,0.7971138944343754
-4.28e-06,0.7978037757689215
-4.26e-06,0.7985016142270464
-4.23e-06,0.7992077153129813
-4.21e-06,0.7999223637707686
-4.18e-06,0.8006458229380434
-4.16e-06,0.8013783341541489
-4.13e-06,0.8021201162238293
-4.11e-06,0.8028713649376003
-4.08e-06,0.803632252649742
-4.06e-06,0.8044029279147095
-4.03e-06,0.8051835151825998
-4.01e-06,0.8059741145541588
-3.98e-06,0.8067748015956598
-3.96e-06,0.8075856272138202
-3.93e-06,0.8084066175907763
-3.91e-06,0.8092377741789722
-3.88e-06,0.8100790737556696
-3.86e-06,0.8109304685366265
-3.83e-06,0.8117918863483468
-3.81e-06,0.8126632308581446
-3.78e-06,0.8135443818611305
-3.76e-06,0.8144351956230683
-3.73e-06,0.8153355052779262
-3.71e-06,0.8162451212787911
-3.68e-06,0.8171638319006953
-3.66e-06,0.8180914037937649
-3.63e-06,0.8190275825849807
-3.61e-06,0.8199720935267186
-3.58e-06,0.8209246421901233
-3.56e-06,0.8218849152012566
-3.53e-06,0.8228525810178653
-3.51e-06,0.8238272907445044
-3.48e-06,0.8248086789836708
-3.46e-06,0.8257963647205127
-3.43e-06,0.8267899522385997
-3.41e-06,0.8277890320641736
-3.38e-06,0.8287931819362282
-3.36e-06,0.8298019677997145
-3.33e-06,0.8308149448191166
-3.31e-06,0.8318316584095996
-3.28e-06,0.8328516452828983
-3.26e-06,0.8338744345050866
-3.23e-06,0.8348995485633495
-3.21e-06,0.8359265044388673
-3.18e-06,0.8369548146829151
-3.16e-06,0.8379839884932899
-3.13e-06,0.8390135327881812
-3.11e-06,0.84004295327463
-3.08e-06,0.8410717555087356
-3.06e-06,0.8420994459448153
-3.03e-06,0.8431255329707539
-3.01e-06,0.8441495279268353
-2.98e-06,0.8451709461054012
-2.96e-06,0.846189307728744
-2.93e-06,0.8472041389027131
-2.91e-06,0.848214972543585
-2.88e-06,0.8492213492758386
-2.86e-06,0.8502228182985533
-2.83e-06,0.8512189382182559
-2.81e-06,0.8522092778461277
-2.78e-06,0.8531934169576013
-2.76e-06,0.8541709470124806
-2.73e-06,0.8551414718338304
-2.71e-06,0.8561046082440081
-2.68e-06,0.8570599866563279
-2.66e-06,0.8580072516209791
-2.63e-06,0.8589460623239494
-2.61e-06,0.8598760930378347
-2.58e-06,0.8607970335235626
-2.56e-06,0.8617085893821841
-2.53e-06,0.8626104823560385
-2.51e-06,0.8635024505787351
-2.48e-06,0.8643842487735359
-2.46e-06,0.8652556483998759
-2.43e-06,0.8661164377478946
-2.41e-06,0.8669664219810026
-2.38e-06,0.8678054231266501
-2.36e-06,0.8686332800156058
-2.33e-06,0.8694498481702041
-2.31e-06,0.8702549996421507
-2.28e-06,0.871048622800626
-2.26e-06,0.8718306220715552
-2.23e-06,0.8726009176290515
-2.21e-06,0.8733594450401752
-2.18e-06,0.8741061548642683
-2.16e-06,0.8748410122082645
-2.13e-06,0.8755639962394816
-2.11e-06,0.876275099657529
-2.08e-06,0.8769743281270673
-2.06e-06,0.8776616996732769
-2.03e-06,0.8783372440419747
-2.01e-06,0.879001002026437
-1.98e-06,0.8796530247630598
-1.96e-06,0.8802933729980802
-1.93e-06,0.8809221163276623
-1.91e-06,0.8815393324137216
-1.88e-06,0.882145106177927
-1.86e-06,0.8827395289763779
-1.83e-06,0.8833226977575117
-1.81e-06,0.8838947142058358
-1.78e-06,0.8844556838741182
-1.76e-06,0.8850057153067067
-1.73e-06,0.8855449191566599
-1.71e-06,0.8860734072994022
-1.68e-06,0.8865912919456136
-1.66e-06,0.8870986847560712
-1.63e-06,0.8875956959611535
-1.61e-06,0.8880824334877022
-1.58e-06,0.8885590020959222
-1.56e-06,0.8890255025289614
-1.53e-06,0.889482030677788
-1.51e-06,0.8899286767639344
-1.48e-06,0.8903655245426266
-1.46e-06,0.890792650528767
-1.43e-06,0.8912101232481684
-1.41e-06,0.891618002516373
-1.38e-06,0.8920163387473119
-1.36e-06,0.8924051722939782
-1.33e-06,0.8927845328231955
-1.31e-06,0.8931544387264814
-1.28e-06,0.8935148965688853
-1.26e-06,0.8938659005775993
-1.23e-06,0.8942074321720097
-1.21e-06,0.894539459536759
-1.18e-06,0.8948619372392568
-1.16e-06,0.8951748058929659
-1.13e-06,0.895477991867654
-1.11e-06,0.8957714070476779
-1.08e-06,0.8960549486392351
-1.06e-06,0.8963284990273724
-1.03e-06,0.8965919256834168
-1.01e-06,0.8968450811233434
-9.84e-07,0.8970878029174589
-9.59e-07,0.8973199137516347
-9.34e-07,0.8975412215401801
-9.09e-07,0.8977515195903032
-8.84e-07,0.8979505868179608
-8.59e-07,0.8981381880147589
-8.34e-07,0.8983140741654145
-8.09e-07,0.8984779828151577
-7.84e-07,0.8986296384863036
-7.59e-07,0.8987687531430888
-7.34e-07,0.8988950267037311
-7.09e-07,0.8990081475985329
-6.84e-07,0.8991077933727235
-6.59e-07,0.8991936313326024
-6.34e-07,0.8992653192334227
-6.09e-07,0.8993225060073357
-5.84e-07,0.899364832529598
-5.59e-07,0.899391932421133
-5.34e-07,0.8994034328854313
-5.09e-07,0.8993989555776712
-4.84e-07,0.8993781175038483
-4.59e-07,0.8993405319476087
-4.34e-07,0.899285809422396
-4.09e-07,0.8992135586464481
-3.84e-07,0.8991233875380995
-3.59e-07,0.8990149042287898
-3.34e-07,0.8988877180911095
-3.09e-07,0.8987414407791726
-2.84e-07,0.8985756872785496
-2.59e-07,0.8983900769629688
-2.34e-07,0.8981842346549547
-2.09e-07,0.8979577916875497
-1.84e-07,0.8977103869642598
-1.59e-07,0.8974416680143407
-1.34e-07,0.8971512920405557
-1.09e-07,0.8968389269565356
-8.4e-08,0.8965042524108858
-5.9e-08,0.8961469607952124
-3.4e-08,0.8957667582332663
-9e-09,0.8953633655484364
1.6e-08,0.8949365192068817
4.1e-08,0.8944859722336252
6.6e-08,0.8940114950990091
9.1e-08,0.8935128765729624
1.16e-07,0.8929899245446146
1.41e-07,0.8924424668048653
1.66e-07,0.891870351789603
1.91e-07,0.8912734492813601
2.16e-07,0.8906516510672928
2.41e-07,0.8900048715514736
2.66e-07,0.8893330483195929
2.91e-07,0.8886361426542883
3.16e-07,0.8879141399994315
3.41e-07,0.8871670503718283
3.66e-07,0.8863949087189257
3.91e-07,0.8855977752212355
4.16e-07,0.8847757355383364
4.41e-07,0.8839289009974494
4.66e-07,0.8830574087237183
4.91e-07,0.8821614217114899
5.16e-07,0.881241128836014
5.41e-07,0.8802967448051516
5.66e-07,0.8793285100508198
5.91e-07,0.8783366905600598
6.16e-07,0.8773215776457665
6.41e-07,0.8762834876572658
6.66e-07,0.8752227616310925
6.91e-07,0.8741397648824588
7.16e-07,0.8730348865380688
7.41e-07,0.8719085390110767
7.66e-07,0.8707611574191416
7.91e-07,0.8695931989466781
8.16e-07,0.8684051421525416
8.41e-07,0.8671974862245402
8.66e-07,0.8659707501822939
8.91e-07,0.8647254720301083
9.16e-07,0.8634622078616486
9.41e-07,0.8621815309183437
9.66e-07,0.8608840306035628
9.91e-07,0.859570311454728
1.02e-06,0.858240992075642
1.04e-06,0.8568967040314199
1.07e-06,0.8555380907085103
1.09e-06,0.8541658061423951
1.12e-06,0.8527805138156455
1.14e-06,0.85138288542909
1.17e-06,0.8499735996489406
1.19e-06,0.8485533408327774
1.22e-06,0.8471227977373748
1.24e-06,0.8456826622113854
1.27e-06,0.844233627875972
1.29e-06,0.8427763887964971
1.32e-06,0.8413116381484294
1.34e-06,0.8398400668806417
1.37e-06,0.8383623623793003
1.39e-06,0.8368792071355504
1.42e-06,0.8353912774202097
1.44e-06,0.8338992419686734
1.47e-06,0.832403760679218
1.49e-06,0.8309054833278783
1.52e-06,0.8294050483030309
1.54e-06,0.8279030813627914
1.57e-06,0.8264001944182798
1.59e-06,0.8248969843457568
1.62e-06,0.8233940318305794
1.64e-06,0.8218919002458493
1.67e-06,0.8203911345685557
1.69e-06,0.8188922603359317
1.72e-06,0.8173957826446576
1.74e-06,0.8159021851954427
1.77e-06,0.8144119293854192
1.79e-06,0.8129254534506745
1.82e-06,0.8114431716611304
1.84e-06,0.8099654735698599
1.87e-06,0.8084927233188067
1.89e-06,0.807025259002742
1.92e-06,0.8055633920931581
1.94e-06,0.8041074069236562
1.97e-06,0.8026575602382465
1.99e-06,0.801214080803827
2.02e-06,0.7997771690879569
2.04e-06,0.7983469970028912
2.07e-06,0.7969237077166734
2.09e-06,0.7955074155319442
2.12e-06,0.7940982058329419
2.14e-06,0.792696135101023
2.17e-06,0.7913012309988583
2.19e-06,0.7899134925233016
2.22e-06,0.7885328902267595
2.24e-06,0.7871593665067262
2.27e-06,0.7857928359629858
2.29e-06,0.7844331858218174
2.32e-06,0.78308027642638
2.34e-06,0.7817339417922885
2.37e-06,0.7803939902272411
2.39e-06,0.779060205013395
2.42e-06,0.7777323451510398
2.44e-06,0.7764101461619631
2.47e-06,0.7750933209507637
2.49e-06,0.7737815607222167
2.52e-06,0.772474535952665
2.54e-06,0.7711718974132714
2.57e-06,0.7698732772428427
2.59e-06,0.7685782900678108
2.62e-06,0.767286534166839
2.64e-06,0.7659975926774135
2.67e-06,0.7647110348416644
2.69e-06,0.7634264172885785
2.72e-06,0.7621432853496563
2.74e-06,0.7608611744049921
2.77e-06,0.7595796112566736
2.79e-06,0.7582981155263254
2.82e-06,0.75701620107356
2.84e-06,0.7557333774320432
2.87e-06,0.7544491512598317
2.89e-06,0.7531630278006048
2.92e-06,0.7518745123523709
2.94e-06,0.7505831117402192
2.97e-06,0.7492883357896606
2.99e-06,0.7479896987970952
3.02e-06,0.7466867209939553
3.04e-06,0.745378930001065
3.07e-06,0.7440658622697915
3.09e-06,0.7427470645065755
3.12e-06,0.7414220950774733
3.14e-06,0.7400905253893733
3.17e-06,0.7387519412446131
3.19e-06,0.737405944165765
3.22e-06,0.7360521526874398
3.24e-06,0.7346902036120188
3.27e-06,0.7333197532263124
3.29e-06,0.7319404784762256
3.32e-06,0.7305520780966112
3.34e-06,0.729154273693589
3.37e-06,0.7277468107767183
3.39e-06,0.7263294597385257
3.42e-06,0.7249020167790104
3.44e-06,0.7234643047728764
3.47e-06,0.7220161740773712
3.49e-06,0.7205575032787467
3.52e-06,0.7190881998755034
3.54e-06,0.717608200896719
3.57e-06,0.7161174734539175
3.59e-06,0.7146160152250883
3.62e-06,0.7131038548696191
3.64e-06,0.7115810523730676
3.67e-06,0.710047699320864
3.69e-06,0.7085039191001954
3.72e-06,0.7069498670294927
3.74e-06,0.7053857304151124
3.77e-06,0.703811728534968
3.79e-06,0.7022281125490416
3.82e-06,0.7006351653368765
3.84e-06,0.6990332012623153
3.87e-06,0.6974225658659268
3.89e-06,0.6958036354857278
3.92e-06,0.6941768168069714
3.94e-06,0.6925425463419446
3.97e-06,0.690901289840878
3.99e-06,0.6892535416352275
4.02e-06,0.6875998239147546
4.04e-06,0.6859406859399743
4.07e-06,0.6842767031917018
4.09e-06,0.6826084764595656
4.12e-06,0.6809366308715054
4.14e-06,0.6792618148664029
4.17e-06,0.6775846991121317
4.19e-06,0.6759059753714327
4.22e-06,0.6742263553181543
4.24e-06,0.6725465693064941
4.27e-06,0.6708673650960053
4.29e-06,0.6691895065352224
4.32e-06,0.6675137722068585
4.34e-06,0.6658409540376206
4.37e-06,0.6641718558757574
4.39e-06,0.662507292039548
4.42e-06,0.660848085839985
4.44e-06,0.6591950680809815
4.47e-06,0.6575490755404702
4.49e-06,0.6559109494358123
4.52e-06,0.6542815338769712
4.54e-06,0.6526616743109178
4.57e-06,0.6510522159607789
4.59e-06,0.6494540022632179
4.62e-06,0.6478678733075717
4.64e-06,0.6462946642802336
4.67e-06,0.6447352039177779
4.69e-06,0.6431903129722869
4.72e-06,0.6416608026923158
4.74e-06,0.6401474733228916
4.77e-06,0.6386511126278894
4.79e-06,0.6371724944380899
4.82e-06,0.635712377228138
4.84e-06,0.6342715027255723
4.87e-06,0.6328505945550088
4.89e-06,0.6314503569204724
4.92e-06,0.6300714733287951
4.94e-06,0.6287146053568841
4.97e-06,0.6273803914655669
4.99e-06,0.6260694458626128
5.02e-06,0.6247823574174042
5.04e-06,0.6235196886296163
5.07e-06,0.6222819746541336
5.09e-06,0.6210697223843001
5.12e-06,0.6198834095954538
5.14e-06,0.6187234841505735
5.17e-06,0.6175903632696947
5.19e-06,0.6164844328646225
5.22e-06,0.6154060469403073
5.24e-06,0.6143555270640905
5.27e-06,0.6133331619038749
5.29e-06,0.6123392068361099
5.32e-06,0.6113738836243188
5.34e-06,0.6104373801687346
5.37e-06,0.6095298503274397
5.39e-06,0.608651413809244
5.42e-06,0.6078021561383686
5.44e-06,0.6069821286908348
5.47e-06,0.6061913488022935
5.49e-06,0.6054297999468656
5.52e-06,0.6046974319864036
5.54e-06,0.603994161489414
5.57e-06,0.6033198721187356
5.59e-06,0.6026744150868977
5.62e-06,0.6020576096779334
5.64e-06,0.6014692438342797
5.67e-06,0.6009090748072335
5.69e-06,0.600376829869304
5.72e-06,0.5998722070866545
5.74e-06,0.5993948761496948
5.77e-06,0.5989444792597554
5.79e-06,0.59852063206965
5.82e-06,0.5981229246758151
5.84e-06,0.5977509226595991
5.87e-06,0.5974041681751716
5.89e-06,0.5970821810814159
5.92e-06,0.5967844601150794
5.94e-06,0.596510484102364
5.97e-06,0.5962597132060624
5.99e-06,0.5960315902052653
6.02e-06,0.5958255418046088
6.04e-06,0.5956409799699593
6.07e-06,0.5954773032873928
6.09e-06,0.5953338983422727
6.12e-06,0.5952101411151999
6.14e-06,0.5951053983915788
6.17e-06,0.5950190291815168
6.19e-06,0.5949503861467713
6.22e-06,0.5948988170314451
6.24e-06,0.5948636660931375
6.27e-06,0.5948442755312677
6.29e-06,0.5948399869093072
6.32e-06,0.5948501425676801
6.34e-06,0.5948740870241297
6.37e-06,0.5949111683583845
6.39e-06,0.5949607395780093
6.42e-06,0.5950221599623856
6.44e-06,0.5950947963818178
6.47e-06,0.5951780245888467
6.49e-06,0.5952712304789165
6.52e-06,0.595373811317628
6.54e-06,0.5954851769319057
6.57e-06,0.5956047508624948
6.59e-06,0.5957319714753083
6.62e-06,0.5958662930292555
6.64e-06,0.5960071866982889
6.67e-06,0.5961541415455293
6.69e-06,0.5963066654474489
6.72e-06,0.596464285966222
6.74e-06,0.5966265511684763
6.77e-06,0.5967930303888211
6.79e-06,0.5969633149366643
6.82e-06,0.5971370187449655
6.84e-06,0.5973137789597248
6.87e-06,0.5974932564691486
6.89e-06,0.5976751363715819
6.92e-06,0.5978591283814486
6.94e-06,0.5980449671725915
6.97e-06,0.5982324126585552
6.99e-06,0.5984212502095094
7.02e-06,0.5986112908056637
7.04e-06,0.5988023711271728
7.07e-06,0.5989943535806911
7.09e-06,0.5991871262628784
7.12e-06,0.5993806028613172
7.14e-06,0.5995747224934422
7.17e-06,0.5997694494842337
7.19e-06,0.599964773083569
7.22e-06,0.6001607071242686
7.24e-06,0.6003572896220094
7.27e-06,0.6005545823184152
7.29e-06,0.6007526701687603
7.32e-06,0.6009516607758579
7.34e-06,0.6011516837718196
7.37e-06,0.6013528901494936
7.39e-06,0.6015554515455042
7.42e-06,0.6017595594769206
7.44e-06,0.6019654245336868
7.47e-06,0.6021732755290431
7.49e-06,0.6023833586102585
7.52e-06,0.6025959363320817
7.54e-06,0.6028112866953943
7.57e-06,0.6030297021536257
7.59e-06,0.6032514885895536
7.62e-06,0.6034769642651734
7.64e-06,0.6037064587473747
7.67e-06,0.603940311812207
7.69e-06,0.604178872330554
7.72e-06,0.6044224971380739
7.74e-06,0.6046715498922796
7.77e-06,0.6049263999196577
7.79e-06,0.6051874210557274
7.82e-06,0.6054549904809559
7.84e-06,0.6057294875554246
7.87e-06,0.6060112926551506
7.89e-06,0.6063007860129336
7.92e-06,0.6065983465665751
7.94e-06,0.6069043508172975
7.97e-06,0.6072191717011342
7.99e-06,0.6075431774760275
8.02e-06,0.6078767306273168
8.04e-06,0.6082201867942373
8.07e-06,0.6085738937199894
8.09e-06,0.6089381902278653
8.12e-06,0.6093134052258451
8.14e-06,0.6096998567419853
8.17e-06,0.6100978509928486
8.19e-06,0.6105076814871135
8.22e-06,0.6109296281664206
8.24e-06,0.6113639565853982
8.27e-06,0.6118109171327107
8.29e-06,0.6122707442948561
8.32e-06,0.6127436559643269
8.34e-06,0.6132298527936376
8.37e-06,0.6137295175965808
8.39e-06,0.6142428147979715
8.42e-06,0.6147698899330024
8.44e-06,0.6153108691971975
8.47e-06,0.6158658590478305
8.49e-06,0.6164349458575421
8.52e-06,0.6170181956207411
8.54e-06,0.6176156537132615
8.57e-06,0.6182273447055936
8.59e-06,0.6188532722298808
8.62e-06,0.6194934189007371
8.64e-06,0.6201477462898026
8.67e-06,0.6208161949538219
8.69e-06,0.6214986845158983
8.72e-06,0.6221951137994405
8.74e-06,0.6229053610141938
8.77e-06,0.6236292839936143
8.79e-06,0.6243667204827273
8.82e-06,0.6251174884754787
8.84e-06,0.6258813866004731
8.87e-06,0.6266581945538817
8.89e-06,0.6274476735781744
8.92e-06,0.6282495669852423
8.94e-06,0.6290636007223516
8.97e-06,0.6298894839792867
8.99e-06,0.6307269098349296
9.02e-06,0.6315755559414455
9.04e-06,0.6324350852441434
9.07e-06,0.6333051467350167
9.09e-06,0.634185376237878
9.12e-06,0.6350753972229395
9.14e-06,0.6359748216486302
9.17e-06,0.6368832508283734
9.19e-06,0.6378002763200021
9.22e-06,0.6387254808354461
9.24e-06,0.6396584391682751
9.27e-06,0.6405987191366603
9.29e-06,0.6415458825392794
9.32e-06,0.642499486121677
9.34e-06,0.6434590825505737
9.37e-06,0.6444242213936072
9.39e-06,0.6453944501019954
9.42e-06,0.646369314993606
9.44e-06,0.6473483622339352
9.47e-06,0.6483311388125143
9.49e-06,0.6493171935122836
9.52e-06,0.6503060778695074
9.54e-06,0.6512973471218372
9.57e-06,0.6522905611421718
9.59e-06,0.6532852853560114
9.62e-06,0.6542810916400588
9.64e-06,0.6552775591998735
9.67e-06,0.6562742754244542
9.69e-06,0.6572708367156952
9.72e-06,0.6582668492907273
9.74e-06,0.6592619299552503
9.77e-06,0.660255706846026
9.79e-06,0.6612478201408072
9.82e-06,0.6622379227340628
9.84e-06,0.6632256808769502
9.87e-06,0.6642107747800954
9.89e-06,0.6651928991778353
9.92e-06,0.6661717638526896
9.94e-06,0.6671470941189295
9.97e-06,0.6681186312642302
9.99e-06,0.6690861329485028
1e-05,0.6700493735591129
1e-05,0.6710081445218151
1.01e-05,0.6719622545668515
1.01e-05,0.672911529949769
1.01e-05,0.6738558146266458
1.01e-05,0.674794970383525
1.02e-05,0.6757288769199762
1.02e-05,0.6766574318868277
1.02e-05,0.6775805508782257
1.02e-05,0.6784981673782992
1.03e-05,0.6794102326628241
1.03e-05,0.6803167156563891
1.03e-05,0.6812176027456959
1.03e-05,0.6821128975497117
1.04e-05,0.6830026206475278
1.04e-05,0.6838868092648631
1.04e-05,0.6847655169202669
1.04e-05,0.6856388130321701
1.05e-05,0.6865067824880319
1.05e-05,0.6873695251769221
1.05e-05,0.68822715548697
1.05e-05,0.6890798017691905
1.06e-05,0.6899276057692864
1.06e-05,0.6907707220290966
1.06e-05,0.6916093172594359
1.06e-05,0.6924435696861294
1.07e-05,0.6932736683711246
1.07e-05,0.6940998125106005
1.07e-05,0.6949222107120587
1.07e-05,0.6957410802524219
1.08e-05,0.6965566463192054
1.08e-05,0.6973691412368699
1.08e-05,0.6981788036804756
1.08e-05,0.6989858778788077
1.09e-05,0.6997906128091352
1.09e-05,0.7005932613857965
1.09e-05,0.701394079644799
1.09e-05,0.702193325926631
1.1e-05,0.7029912600594729
1.1e-05,0.7037881425449823
1.1e-05,0.7045842337488216
1.1e-05,0.7053797930980602
1.11e-05,0.7061750782875716
1.11e-05,0.706970344497497
1.11e-05,0.707765843623825
1.11e-05,0.7085618235240788
1.12e-05,0.7093585272800658
1.12e-05,0.7101561924795808
1.12e-05,0.7109550505189065
1.12e-05,0.7117553259278833
1.13e-05,0.7125572357192561
1.13e-05,0.7133609887639386
1.13e-05,0.7141667851937524
1.13e-05,0.7149748158331255
1.14e-05,0.7157852616611473
1.14e-05,0.7165982933052952
1.14e-05,0.7174140705680547
1.14e-05,0.7182327419875636
1.15e-05,0.7190544444333163
1.15e-05,0.7198793027378697
1.15e-05,0.720707429365383
1.15e-05,0.721538924117738
1.16e-05,0.7223738738788659
1.16e-05,0.7232123523978157
1.16e-05,0.7240544201109888
1.16e-05,0.7249001240038563
1.17e-05,0.7257494975123736
1.17e-05,0.7266025604641951
1.17e-05,0.7274593190596893
1.17e-05,0.7283197658926472
1.18e-05,0.7291838800104674
1.18e-05,0.7300516270135007
1.18e-05,0.7309229591931348
1.18e-05,0.7317978157080895
1.19e-05,0.7326761227983019
1.19e-05,0.733557794035676
1.19e-05,0.734442730610876
1.19e-05,0.7353308216552531
1.2e-05,0.7362219445968964
1.2e-05,0.7371159655497183
1.2e-05,0.7380127397343939
1.2e-05,0.7389121119298965
1.21e-05,0.7398139169542894
1.21e-05,0.7407179801733615
1.21e-05,0.7416241180356261
1.21e-05,0.7425321386321321
1.22e-05,0.7434418422794744
1.22e-05,0.7443530221243397
1.22e-05,0.7452654647678628
1.22e-05,0.746178950908022
1.23e-05,0.7470932559982636
1.23e-05,0.7480081509205015
1.23e-05,0.7489234026706069
1.23e-05,0.7498387750544713
1.24e-05,0.7507540293927106
1.24e-05,0.7516689252320499
1.24e-05,0.75258322106142
1.24e-05,0.7534966750307944
1.25e-05,0.7544090456707814
1.25e-05,0.7553200926109984
1.25e-05,0.7562295772952599
1.25e-05,0.7571372636916232
1.26e-05,0.7580429189953531
1.26e-05,0.7589463143228946
1.26e-05,0.7598472253949664
1.26e-05,0.7607454332069211
1.27e-05,0.761640724684561
1.27e-05,0.7625328933236328
1.27e-05,0.7634217398112806
1.27e-05,0.7643070726277802
1.28e-05,0.7651887086269387
1.28e-05,0.766066473593602
1.28e-05,0.7669402027767764
1.28e-05,0.7678097413969343
1.29e-05,0.7686749451261545
1.29e-05,0.7695356805398157
1.29e-05,0.7703918255386332
1.29e-05,0.771243269739927
1.3e-05,0.7720899148370773
1.3e-05,0.7729316749262127
1.3e-05,0.7737684767992706
1.3e-05,0.7746002602026549
1.31e-05,0.7754269780608068
1.31e-05,0.7762485966640995
1.31e-05,0.7770650958205686
1.31e-05,0.7778764689710712
1.32e-05,0.7786827232675828
1.32e-05,0.7794838796144189
1.32e-05,0.7802799726722822
1.32e-05,0.78107105082512
1.33e-05,0.7818571761098888
1.33e-05,0.782638424109401
1.33e-05,0.7834148838085441
1.33e-05,0.7841866574142452
1.34e-05,0.7849538601396491
1.34e-05,0.7857166199530767
1.34e-05,0.7864750772924154
1.34e-05,0.787229384745681
1.35e-05,0.7879797066985847
1.35e-05,0.7887262189500128
1.35e-05,0.7894691082964151
1.35e-05,0.7902085720861767
1.36e-05,0.790944817745116
1.36e-05,0.7916780622743365
1.36e-05,0.7924085317217164
1.36e-05,0.7931364606283926
1.37e-05,0.7938620914516584
1.37e-05,0.7945856739657468
1.37e-05,0.7953074646420262
1.37e-05,0.7960277260101932
1.38e-05,0.7967467260020794
1.38e-05,0.7974647372797372
1.38e-05,0.7981820365495119
1.38e-05,0.7988989038638247
1.39e-05,0.7996156219124334
1.39e-05,0.8003324753049519
1.39e-05,0.8010497498464272
1.39e-05,0.8017677318077927
1.4e-05,0.8024867071930181
1.4e-05,0.8032069610047815
1.4e-05,0.8039287765104924
1.4e-05,0.8046524345104807
1.41e-05,0.8053782126101648
1.41e-05,0.80610638449799
1.41e-05,0.8068372192309116
1.41e-05,0.8075709805291713
1.42e-05,0.8083079260820902
1.42e-05,0.8090483068665592
1.42e-05,0.8097923664798838
1.42e-05,0.8105403404885844
1.43e-05,0.8112924557947165
1.43e-05,0.8120489300212247
1.43e-05,0.8128099709177837
1.43e-05,0.8135757757885328
1.44e-05,0.8143465309430395
1.44e-05,0.8151224111717735
1.44e-05,0.8159035792472976
1.44e-05,0.8166901854523168
1.45e-05,0.817482367135651
1.45e-05,0.818280248297125
1.45e-05,0.8190839392022906
1.45e-05,0.8198935360278116
1.46e-05,0.8207091205382734
1.46e-05,0.8215307597950782
1.46e-05,0.822358505898018
1.46e-05,0.8231923957600256
1.47e-05,0.8240324509155124
1.47e-05,0.8248786773626255
1.47e-05,0.8257310654396591
1.47e-05,0.8265895897357688
1.48e-05,0.827454209036056
1.48e-05,0.8283248663009928
1.48e-05,0.8292014886800747
1.48e-05,0.8300839875595027
1.49e-05,0.8309722586436079
1.49e-05,0.8318661820696461
1.49e-05,0.8327656225555133
1.49e-05,0.8336704295798406
1.5e-05,0.8345804375938572
1.5e-05,0.8354954662643261
1.5e-05,0.8364153207467808
1.5e-05,0.8373397919882243
1.51e-05,0.8382686570583728
1.51e-05,0.8392016795084649
1.51e-05,0.8401386097565873
1.51e-05,0.8410791854984102
1.52e-05,0.8420231321421627
1.52e-05,0.842970163266625
1.52e-05,0.8439199811008662
1.52e-05,0.8448722770244015
1.53e-05,0.8458267320864
1.53e-05,0.8467830175425413
1.53e-05,0.8477407954080696
1.53e-05,0.8486997190255751
1.54e-05,0.8496594336459947
1.54e-05,0.8506195770213009
1.54e-05,0.8515797800073367
1.54e-05,0.8525396671752251
1.55e-05,0.8534988574297843
1.55e-05,0.8544569646333599
1.55e-05,0.8554135982334964
1.55e-05,0.8563683638928574
1.56e-05,0.8573208641198242
1.56e-05,0.8582706988982025
1.56e-05,0.8592174663144836
1.56e-05,0.8601607631811334
1.57e-05,0.8611001856543898
1.57e-05,0.8620353298450921
1.57e-05,0.8629657924210823
1.57e-05,0.8638911711997691
1.58e-05,0.8648110657294646
1.58e-05,0.8657250778581602
1.58e-05,0.8666328122884492
1.58e-05,0.8675338771173512
1.59e-05,0.868427884359841
1.59e-05,0.8693144504549521
1.59e-05,0.8701931967533699
1.59e-05,0.8710637499854925
1.6e-05,0.8719257427090109
1.6e-05,0.8727788137351058
1.6e-05,0.8736226085324468
1.6e-05,0.8744567796082318
1.61e-05,0.8752809868655858
1.61e-05,0.8760948979367087
1.61e-05,0.8768981884912297
1.61e-05,0.8776905425193113
1.62e-05,0.8784716525891111
1.62e-05,0.8792412200782942
1.62e-05,0.8799989553793617
1.62e-05,0.8807445780786362
1.63e-05,0.8814778171088326
1.63e-05,0.8821984108752016
1.63e-05,0.882906107355331
1.63e-05,0.8836006641727459
1.64e-05,0.884281848644541
1.64e-05,0.8849494378033377
1.64e-05,0.8856032183939461
1.64e-05,0.886242986845165
1.65e-05,0.8868685492172442
1.65e-05,0.8874797211255828
1.65e-05,0.8880763276413108
1.65e-05,0.8886582031694675
1.66e-05,0.8892251913055437
1.66e-05,0.8897771446712219
1.66e-05,0.890313924730194
1.66e-05,0.8908354015850012
1.67e-05,0.8913414537558767
1.67e-05,0.8918319679426345
1.67e-05,0.8923068387706747
1.67e-05,0.892765968522227
1.68e-05,0.8932092668539858
1.68e-05,0.8936366505023254
1.68e-05,0.894048042977308
1.68e-05,0.8944433742467315
1.69e-05,0.8948225804114744
1.69e-05,0.8951856033734226
1.69e-05,0.8955323904972705
1.69e-05,0.8958628942675017
1.7e-05,0.8961770719418557
1.7e-05,0.8964748852025977
1.7e-05,0.8967562998068943
1.7e-05,0.8970212852376024
1.71e-05,0.8972698143557627
1.71e-05,0.8975018630560742
1.71e-05,0.897717409926613
1.71e-05,0.8979164359140326
1.72e-05,0.898098923995459
1.72e-05,0.898264858858263
1.72e-05,0.8984142265888643
1.72e-05,0.8985470143716775
1.73e-05,0.8986632101992802
1.73e-05,0.8987628025948288
1.73e-05,0.8988457803477162
1.73e-05,0.8989121322634039
1.74e-05,0.8989618469283133
1.74e-05,0.8989949124906116
1.74e-05,0.899011316457663
1.74e-05,0.8990110455108631
1.75e-05,0.898994085338507
1.75e-05,0.8989604204872846
1.75e-05,0.8989100342329264
1.75e-05,0.8988429084704583
1.76e-05,0.8987590236244569
1.76e-05,0.8986583585796246
1.76e-05,0.8985408906319368
1.76e-05,0.898406595460538
1.77e-05,0.8982554471204998
1.77e-05,0.8980874180564693
1.77e-05,0.8979024791371781
1.77e-05,0.8977005997107018
1.78e-05,0.8974817476802861
1.78e-05,0.8972458896004929
1.78e-05,0.8969929907933435
1.78e-05,0.8967230154840623
1.79e-05,0.8964359269559694
1.79e-05,0.8961316877239869
1.79e-05,0.8958102597261683
1.79e-05,0.8954716045325982
1.8e-05,0.8951156835709363
1.8e-05,0.8947424583678333
1.8e-05,0.8943518908053777
1.8e-05,0.8939439433916863
1.81e-05,0.8935185795446906
1.81e-05,0.8930757638881291
1.81e-05,0.8926154625587036
1.81e-05,0.8921376435233154
1.82e-05,0.891642276905259
1.82e-05,0.8911293353182121
1.82e-05,0.890598794206825
1.82e-05,0.8900506321926884
1.83e-05,0.889484831424427
1.83e-05,0.888901377930646
1.83e-05,0.888300261974439
1.83e-05,0.8876814784081527
1.84e-05,0.8870450270270872
1.84e-05,0.8863909129208125
1.84e-05,0.8857191468207736
1.84e-05,0.8850297454428576
1.85e-05,0.884322731823605
1.85e-05,0.883598135648756
1.85e-05,0.8828559935728331
1.85e-05,0.8820963495284857
1.86e-05,0.8813192550243351
1.86e-05,0.8805247694300921
1.86e-05,0.8797129602477459
1.86e-05,0.8788839033676537
1.87e-05,0.8780376833084006
1.87e-05,0.8771743934393432
1.87e-05,0.8762941361847847
1.87e-05,0.8753970232087883
1.88e-05,0.8744831755796777
1.88e-05,0.8735527239133373
1.88e-05,0.8726058084944691
1.88e-05,0.8716425793750358
1.89e-05,0.8706631964491762
1.89e-05,0.8696678295039432
1.89e-05,0.868656658245288
1.89e-05,0.8676298722987776
1.9e-05,0.86658767118461
1.9e-05,0.8655302642665612
1.9e-05,0.8644578706745761
1.9e-05,0.8633707192007902
1.91e-05,0.8622690481688494
1.91e-05,0.8611531052764705
1.91e-05,0.8600231474112668
1.91e-05,0.8588794404399442
1.92e-05,0.8577222589710514
1.92e-05,0.8565518860915466
1.92e-05,0.8553686130775319
1.92e-05,0.854172739079573
1.93e-05,0.8529645707831137
1.93e-05,0.8517444220445655
1.93e-05,0.8505126135037311
1.93e-05,0.8492694721733011
1.94e-05,0.8480153310062287
1.94e-05,0.8467505284418702
1.94e-05,0.8454754079318418
1.94e-05,0.8441903174466163
1.95e-05,0.8428956089639466
1.95e-05,0.8415916379402689
1.95e-05,0.8402787627662986
1.95e-05,0.838957344208088
1.96e-05,0.8376277448348733
1.96e-05,0.8362903284350839
1.96e-05,0.8349454594219442
1.96e-05,0.8335935022301323
1.97e-05,0.8322348207050061
1.97e-05,0.830869777485947
1.97e-05,0.8294987333853928
1.97e-05,0.8281220467651769
1.98e-05,0.8267400729117957
1.98e-05,0.8253531634122652
1.98e-05,0.8239616655322252
1.98e-05,0.8225659215979785
1.99e-05,0.8211662683841428
1.99e-05,0.8197630365086055
1.99e-05,0.8183565498364652
1.99e-05,0.8169471248946355
2e-05,0.8155350702987788
2e-05,0.8141206861942135
2e-05,0.8127042637124267
2e-05,0.8112860844447894
2.01e-05,0.8098664199350482
2.01e-05,0.8084455311921244
2.01e-05,0.8070236682247242
2.01e-05,0.8056010695992054
2.02e-05,0.8041779620221103
2.02e-05,0.8027545599487141
2.02e-05,0.8013310652188876
2.02e-05,0.7999076667215113
2.03e-05,0.7984845400886085
2.03e-05,0.7970618474203088
2.03e-05,0.7956397370416729
2.03e-05,0.7942183432923368
2.04e-05,0.7927977863498616
2.04e-05,0.79137817208759
2.04e-05,0.7899595919677243
2.04e-05,0.7885421229702668
2.05e-05,0.7871258275583626
2.05e-05,0.7857107536804993
2.05e-05,0.7842969348099356
2.05e-05,0.7828843900216159
2.06e-05,0.7814731241067585
2.06e-05,0.780063127725187
2.06e-05,0.7786543775953944
2.06e-05,0.7772468367222153
2.07e-05,0.775840454661902
2.07e-05,0.7744351678242845
2.07e-05,0.7730308998116078
2.07e-05,0.771627561793538
2.08e-05,0.7702250529177289
2.08e-05,0.7688232607552539
2.08e-05,0.7674220617800956
2.08e-05,0.7660213218818154
2.09e-05,0.7646208969104067
2.09e-05,0.7632206332522713
2.09e-05,0.7618203684361441
2.09e-05,0.7604199317677328
2.1e-05,0.7590191449917312
2.1e-05,0.7576178229797997
2.1e-05,0.7562157744430281
2.1e-05,0.754812802667311
2.11e-05,0.7534087062700122
2.11e-05,0.752003279976212
2.11e-05,0.7505963154127793
2.11e-05,0.7491876019184475
2.12e-05,0.7477769273680147
2.12e-05,0.7463640790087502
2.12e-05,0.7449488443070281
2.12e-05,0.7435310118031815
2.13e-05,0.7421103719725277
2.13e-05,0.7406867180904849
2.13e-05,0.7392598470996757
2.13e-05,0.7378295604768922
2.14e-05,0.7363956650977785
2.14e-05,0.7349579740970839
2.14e-05,0.7335163077223238
2.14e-05,0.7320704941786977
2.15e-05,0.7306203704631096
2.15e-05,0.7291657831851535
2.15e-05,0.7277065893729425
2.15e-05,0.7262426572616795
2.16e-05,0.7247738670628985
2.16e-05,0.7233001117123345
2.16e-05,0.721821297594425
2.16e-05,0.7203373452414796
2.17e-05,0.7188481900056132
2.17e-05,0.7173537827015829
2.17e-05,0.7158540902187358
2.17e-05,0.7143490961003301
2.18e-05,0.7128388010885665
2.18e-05,0.7113232236337339
2.18e-05,0.7098024003659568
2.18e-05,0.7082763865281074
2.19e-05,0.7067452563685307
2.19e-05,0.7052091034923268
2.19e-05,0.7036680411700142
2.19e-05,0.7021222026025117
2.2e-05,0.7005717411414547
2.2e-05,0.6990168304639826
2.2e-05,0.6974576647012275
2.2e-05,0.6958944585198445
2.21e-05,0.694327447156034
2.21e-05,0.6927568864016154
2.21e-05,0.6911830525418305
2.21e-05,0.6896062422446598
2.22e-05,0.688026772401557
2.22e-05,0.686444979919621
2.22e-05,0.6848612214653447
2.22e-05,0.6832758731601887
2.23e-05,0.6816893302283523
2.23e-05,0.6801020065972305
2.23e-05,0.6785143344511538
2.23e-05,0.6769267637391351
2.24e-05,0.6753397616374476
2.24e-05,0.6737538119679818
2.24e-05,0.6721694145734319
2.24e-05,0.6705870846504777
2.25e-05,0.6690073520422216
2.25e-05,0.6674307604912616
2.25e-05,0.6658578668548655
2.25e-05,0.6642892402838162
2.26e-05,0.6627254613665912
2.26e-05,0.66116712124063
2.26e-05,0.6596148206725287
2.26e-05,0.6580691691090808
2.27e-05,0.6565307837011672
2.27e-05,0.6550002883025675
2.27e-05,0.6534783124458307
2.27e-05,0.651965490297416
2.28e-05,0.6504624595943641
2.28e-05,0.6489698605648171
2.28e-05,0.6474883348347532
2.28e-05,0.6460185243233427
2.29e-05,0.6445610701293707
2.29e-05,0.6431166114112036
2.29e-05,0.6416857842627953
2.29e-05,0.6402692205882597
2.3e-05,0.6388675469775381
2.3e-05,0.6374813835857024
2.3e-05,0.6361113430184363
2.3e-05,0.6347580292262321
2.31e-05,0.6334220364098248
2.31e-05,0.6321039479393726
2.31e-05,0.6308043352898712
2.31e-05,0.6295237569952502
2.32e-05,0.6282627576235773
2.32e-05,0.6270218667757443
2.32e-05,0.6258015981099673
2.32e-05,0.6246024483943771
2.33e-05,0.6234248965899222
2.33e-05,0.6222694029657347
2.33e-05,0.6211364082490491
2.33e-05,0.6200263328116824
2.34e-05,0.618939575895006
2.34e-05,0.6178765148752585
2.34e-05,0.6168375045709563
2.34e-05,0.615822876594063
2.35e-05,0.6148329387464878
2.35e-05,0.6138679744633747
2.35e-05,0.6129282423045412
2.35e-05,0.6120139754953172
2.36e-05,0.6111253815179192
2.36e-05,0.6102626417543857
2.36e-05,0.6094259111819729
2.36e-05,0.6086153181217967
2.37e-05,0.6078309640413834
2.37e-05,0.6070729234116632
2.37e-05,0.6063412436188169
2.37e-05,0.6056359449312629
2.38e-05,0.6049570205219372
2.38e-05,0.6043044365458925
2.38e-05,0.6036781322731181
2.38e-05,0.6030780202763463
2.39e-05,0.6025039866734869
2.39e-05,0.6019558914242046
2.39e-05,0.601433568680021
2.39e-05,0.6009368271872042
2.4e-05,0.6004654507415834
2.4e-05,0.6000191986942967
2.4e-05,0.5995978065073729
2.4e-05,0.599200986357921
2.41e-05,0.5988284277895857
2.41e-05,0.598479798409828
2.41e-05,0.5981547446314622
2.41e-05,0.5978528924567965
2.42e-05,0.5975738483026084
2.42e-05,0.597317199864095
2.42e-05,0.5970825170158524
2.42e-05,0.5968693527478335
2.43e-05,0.5966772441341759
2.43e-05,0.5965057133326864
2.43e-05,0.5963542686127199
2.43e-05,0.596222405409107
2.44e-05,0.5961096073997315
2.44e-05,0.5960153476043021
2.44e-05,0.5959390895018092
2.44e-05,0.5958802881641192
2.45e-05,0.5958383914031151
2.45e-05,0.5958128409287673
2.45e-05,0.5958030735154869
2.45e-05,0.5958085221740991
2.46e-05,0.5958286173267637
2.46e-05,0.5958627879821544
2.46e-05,0.5959104629082226
2.46e-05,0.5959710717998682
2.47e-05,0.5960440464388567
2.47e-05,0.5961288218433441
2.47e-05,0.5962248374043939
2.47e-05,0.596331538006905
2.48e-05,0.596448375132408
2.48e-05,0.596574807941236
2.48e-05,0.5967103043316153
2.48e-05,0.5968543419732993
2.49e-05,0.5970064093134093
2.49e-05,0.5971660065522272
2.49e-05,0.5973326465867631
2.49e-05,0.5975058559199845
2.5e-05,0.5976851755336937
2.5e-05,0.5978701617231219
2.5e-05,0.5980603868914012
2.5e-05,0.5982554403021808
2.51e-05,0.5984549287887484
2.51e-05,0.5986584774181313
2.51e-05,0.5988657301087548
2.51e-05,0.5990763502003591
2.52e-05,0.59929002097498
2.52e-05,0.5995064461279282
2.52e-05,0.599725350187824
2.52e-05,0.5999464788848579
2.53e-05,0.6001695994665887
2.53e-05,0.6003945009607076
2.53e-05,0.6006209943843287
2.53e-05,0.6008489128995019
2.54e-05,0.6010781119147648
2.54e-05,0.6013084691326922
2.54e-05,0.6015398845435231
2.54e-05,0.6017722803650836
2.55e-05,0.6020056009293497
2.55e-05,0.6022398125161232
2.55e-05,0.6024749031344273
2.55e-05,0.6027108822523415
2.56e-05,0.6029477804761382
2.56e-05,0.6031856491796884
2.56e-05,0.6034245600852326
2.56e-05,0.6036646047967272
2.57e-05,0.6039058942870889
2.57e-05,0.6041485583407725
2.57e-05,0.6043927449532189
2.57e-05,0.6046386196888174
2.58e-05,0.604886364999122
2.58e-05,0.6051361795031533
2.58e-05,0.6053882772317104
2.58e-05,0.6056428868376973
2.59e-05,0.6059002507745485
2.59e-05,0.6061606244449136
2.59e-05,0.6064242753218255
2.59e-05,0.6066914820446396
2.6e-05,0.6069625334920917
2.6e-05,0.6072377278348648
2.6e-05,0.6075173715701111
2.6e-05,0.6078017785403966
2.61e-05,0.608091268939588
2.61e-05,0.6083861683082077
2.61e-05,0.6086868065208152
2.61e-05,0.6089935167679797
2.62e-05,0.6093066345354144
2.62e-05,0.6096264965828442
2.62e-05,0.6099534399251719
2.62e-05,0.610287800818492
2.63e-05,0.6106299137534843
2.63e-05,0.6109801104586896
2.63e-05,0.6113387189161389
2.63e-05,0.6117060623917705
2.64e-05,0.6120824584830203
2.64e-05,0.6124682181859212
2.64e-05,0.6128636449839928
2.64e-05,0.6132690339611362
2.65e-05,0.6136846709406818
2.65e-05,0.6141108316526676
2.65e-05,0.614547780931338
2.65e-05,0.6149957719447837
2.66e-05,0.6154550454585359
2.66e-05,0.6159258291348558
2.66e-05,0.6164083368693442
2.66e-05,0.6169027681664068
2.67e-05,0.6174093075550022
2.67e-05,0.61792812404599
2.67e-05,0.6184593706322846
2.67e-05,0.619003183832908
2.68e-05,0.6195596832819152
2.68e-05,0.6201289713630482
2.68e-05,0.620711132890849
2.68e-05,0.6213062348388476
2.69e-05,0.6219143261153041
2.69e-05,0.6225354373868699
2.69e-05,0.6231695809504009
2.69e-05,0.6238167506530268
2.7e-05,0.6244769218604643
2.7e-05,0.6251500514734202
2.7e-05,0.6258360779918195
2.7e-05,0.626534921626461
2.71e-05,0.6272464844575804
2.71e-05,0.6279706506396785
2.71e-05,0.6287072866518582
2.71e-05,0.6294562415927866
2.72e-05,0.6302173475192931
2.72e-05,0.6309904198274942
2.72e-05,0.6317752576752318
2.72e-05,0.632571644444507
2.73e-05,0.6333793482424838
2.73e-05,0.6341981224395428
2.73e-05,0.6350277062427742
2.73e-05,0.6358678253032056
2.74e-05,0.6367181923549757
2.74e-05,0.6375785078845904
2.74e-05,0.6384484608283166
2.74e-05,0.6393277292957076
2.75e-05,0.640215981317182
2.75e-05,0.6411128756135288
2.75e-05,0.6420180623851519
2.75e-05,0.642931184118827
2.76e-05,0.6438518764097002
2.76e-05,0.6447797687962262
2.76e-05,0.6457144856057158
2.76e-05,0.6466556468081378
2.77e-05,0.6476028688758182
2.77e-05,0.6485557656466495
2.77e-05,0.6495139491884465
2.77e-05,0.6504770306620694
2.78e-05,0.6514446211809565
2.78e-05,0.6524163326647268
2.78e-05,0.6533917786845286
2.78e-05,0.654370575297852
2.79e-05,0.6553523418705485
2.79e-05,0.6563367018838543
2.79e-05,0.6573232837242504
2.79e-05,0.6583117214540617
2.8e-05,0.6593016555607428
2.8e-05,0.6602927336828764
2.8e-05,0.6612846113109724
2.8e-05,0.6622769524612377
2.81e-05,0.6632694303205663
2.81e-05,0.6642617278610852
2.81e-05,0.6652535384226844
2.81e-05,0.6662445662620482
2.82e-05,0.6672345270668144
2.82e-05,0.6682231484335798
2.82e-05,0.6692101703085853
2.82e-05,0.6701953453900173
2.83e-05,0.6711784394909788
2.83e-05,0.672159231862296
2.83e-05,0.6731375154744424
2.83e-05,0.6741130972579886
2.84e-05,0.675085798302093
2.84e-05,0.6760554540106878
2.84e-05,0.677021914216123
2.84e-05,0.6779850432501651
2.85e-05,0.6789447199723601
2.85e-05,0.6799008377559113
2.85e-05,0.6808533044313246
2.85e-05,0.6818020421882157
2.86e-05,0.6827469874357823
2.86e-05,0.6836880906225706
2.86e-05,0.6846253160162848
2.86e-05,0.685558641444498
2.87e-05,0.6864880579972433
2.87e-05,0.6874135696925767
2.87e-05,0.688335193106298
2.87e-05,0.6892529569671414
2.88e-05,0.6901669017188281
2.88e-05,0.691077079050487
2.88e-05,0.6919835513970284
2.88e-05,0.6928863914111566
2.89e-05,0.6937856814087824
2.89e-05,0.6946815127896754
2.89e-05,0.6955739854352784
2.89e-05,0.6964632070856607
2.9e-05,0.6973492926976612
2.9e-05,0.6982323637863217
2.9e-05,0.6991125477517653
2.9e-05,0.6999899771937157
2.91e-05,0.7008647892158948
2.91e-05,0.701737124722564
2.91e-05,0.7026071277095057
2.91e-05,0.7034749445517504
2.92e-05,0.7043407232903778
2.92e-05,0.7052046129207153
2.92e-05,0.7060667626842643
2.92e-05,0.7069273213666679
2.93e-05,0.7077864366040284
2.93e-05,0.7086442541998464
2.93e-05,0.7095009174548438
2.93e-05,0.7103565665118775
2.94e-05,0.7112113377181244
2.94e-05,0.7120653630066596
2.94e-05,0.7129187692995018
2.94e-05,0.7137716779341312
2.95e-05,0.7146242041154269
2.95e-05,0.7154764563948883
2.95e-05,0.7163285361789328
2.95e-05,0.717180537267974
2.96e-05,0.718032545427897
2.96e-05,0.7188846379954472
2.96e-05,0.7197368835189557
2.96e-05,0.7205893414357171
2.97e-05,0.7214420617872206
2.97e-05,0.7222950849733357
2.97e-05,0.7231484415464197
2.97e-05,0.7240021520462099
2.98e-05,0.724856226876229
2.98e-05,0.7257106662223092
2.98e-05,0.7265654600137165
2.98e-05,0.7274205879272142
2.99e-05,0.7282760194342855
2.99e-05,0.7291317138915908
2.99e-05,0.7299876206746032
2.99e-05,0.7308436793542323
3e-05,0.7316998199161076
3e-05,0.7325559630220548
3e-05,0.7334120203131673
3e-05,0.7342678947537368
3.01e-05,0.7351234810151737
3.01e-05,0.7359786658989176
3.01e-05,0.7368333287972062
3.01e-05,0.7376873421904425
3.02e-05,0.7385405721797791
3.02e-05,0.73939287905341
3.02e-05,0.7402441178849494
3.02e-05,0.7410941391621529
3.03e-05,0.7419427894441355
3.03e-05,0.7427899120451248
3.03e-05,0.7436353477426995
3.03e-05,0.7444789355083453
3.04e-05,0.7453205132580982
3.04e-05,0.7461599186209301
3.04e-05,0.7469969897224746
3.04e-05,0.747831565981608
3.05e-05,0.7486634889173304
3.05e-05,0.7494926029633406
3.05e-05,0.7503187562876403
3.05e-05,0.751141801614455
3.06e-05,0.751961597045723
3.06e-05,0.7527780068793751
3.06e-05,0.7535909024215967
3.06e-05,0.754400162790251
3.07e-05,0.75520567570664
3.07e-05,0.7560073382727658
3.07e-05,0.7568050577312765
3.07e-05,0.7575987522052843
3.08e-05,0.7583883514152762
3.08e-05,0.7591737973703637
3.08e-05,0.7599550450311577
3.08e-05,0.7607320629416038
3.09e-05,0.7615048338271675
3.09e-05,0.7622733551568227
3.09e-05,0.7630376396663641
3.09e-05,0.7637977158406477
3.1e-05,0.7645536283524456
3.1e-05,0.7653054384556935
3.1e-05,0.7660532243310131
3.1e-05,0.7667970813814948
3.11e-05,0.7675371224768412
3.11e-05,0.7682734781440912
3.11e-05,0.7690062967032718
3.11e-05,0.7697357443464539
3.12e-05,0.7704620051588292
3.12e-05,0.7711852810805645
3.12e-05,0.771905791808341
3.12e-05,0.7726237746356328
3.13e-05,0.7733394842309445
3.13e-05,0.7740531923533749
3.13e-05,0.7747651875050514
3.13e-05,0.7754757745201356
3.14e-05,0.7761852740902757
3.14e-05,0.7768940222265508
3.14e-05,0.7776023696581276
3.14e-05,0.7783106811680223
3.15e-05,0.7790193348665367
3.15e-05,0.779728721403118
3.15e-05,0.7804392431175601
3.15e-05,0.7811513131316492
3.16e-05,0.781865354382526
3.16e-05,0.7825817985992088
3.16e-05,0.783301085223903
3.16e-05,0.7840236602798808
3.17e-05,0.7847499751878919
3.17e-05,0.7854804855332228
3.17e-05,0.7862156497856879
3.17e-05,0.7869559279749908
3.18e-05,0.7877017803240435
3.18e-05,0.7884536658429816
3.18e-05,0.7892120408867574
3.18e-05,0.7899773576793238
3.19e-05,0.7907500628075542
3.19e-05,0.7915305956881735
3.19e-05,0.7923193870110816
3.19e-05,0.7931168571625689
3.2e-05,0.7939234146320255
3.2e-05,0.7947394544058335
3.2e-05,0.7955653563522276
3.2e-05,0.7964014836009823
3.21e-05,0.7972481809218492
3.21e-05,0.798105773105741
3.21e-05,0.798974563352698
3.21e-05,0.799854831670719
3.22e-05,0.8007468332895751
3.22e-05,0.8016507970937405
3.22e-05,0.8025669240785944
3.22e-05,0.8034953858340457
3.23e-05,0.8044363230597288
3.23e-05,0.8053898441158988
3.23e-05,0.8063560236141301
3.23e-05,0.8073349010518839
3.24e-05,0.808326479494958
3.24e-05,0.8093307243117835
3.24e-05,0.8103475619634579
3.24e-05,0.8113768788533247
3.25e-05,0.8124185202398323
3.25e-05,0.8134722892162929
3.25e-05,0.8145379457610664
3.25e-05,0.8156152058615723
3.26e-05,0.8167037407154049
3.26e-05,0.8178031760116953
3.26e-05,0.8189130912957233
3.26e-05,0.8200330194196155
3.27e-05,0.821162446081822
3.27e-05,0.8223008094578882
3.27e-05,0.823447499924856
3.27e-05,0.8246018598814571
3.28e-05,0.82576318366606
3.28e-05,0.8269307175741445
3.28e-05,0.8281036599768634
3.28e-05,0.8292811615420549
3.29e-05,0.8304623255588468
3.29e-05,0.8316462083667786
3.29e-05,0.8328318198901411
3.29e-05,0.8340181242780126
3.3e-05,0.8352040406502388
3.3e-05,0.8363884439493614
3.3e-05,0.8375701658982853
3.3e-05,0.8387479960632167
3.31e-05,0.8399206830211808
3.31e-05,0.8410869356311828
3.31e-05,0.8422454244078409
3.31e-05,0.8433947829960763
3.32e-05,0.8445336097452167
3.32e-05,0.8456604693806263
3.32e-05,0.8467738947707459
3.32e-05,0.8478723887871942
3.33e-05,0.8489544262553581
3.33e-05,0.8500184559926672
3.33e-05,0.8510629029315382
3.33e-05,0.852086170323754
3.34e-05,0.853086642022834
3.34e-05,0.8540626848407499
3.34e-05,0.8550126509751442
3.34e-05,0.8559348805030159
3.35e-05,0.8568277039366582
3.35e-05,0.8576894448374571
3.35e-05,0.8585184224829904
3.35e-05,0.8593129545827114
3.36e-05,0.8600713600373529
3.36e-05,0.8607919617370418
3.36e-05,0.8614730893929983
3.36e-05,0.8621130823975521
3.37e-05,0.8627102927071253
3.37e-05,0.8632630877427128
3.37e-05,0.8637698533023132
3.37e-05,0.8642289964796905
3.38e-05,0.8646389485837754
3.38e-05,0.8649981680529665
3.38e-05,0.865305143358557
3.38e-05,0.8655583958914776
3.39e-05,0.865756482826532
3.39e-05,0.8658979999583065
3.39e-05,0.8659815845029343
3.39e-05,0.8660059178599246
3.4e-05,0.8659697283283004
3.4e-05,0.8658717937713352
3.4e-05,0.8657109442242413
3.4e-05,0.8654860644392322
3.41e-05,0.8651960963624709
3.41e-05,0.8648400415375099
3.41e-05,0.8644169634299418
3.41e-05,0.863925989668098
3.42e-05,0.8633663141947683
3.42e-05,0.8627371993250605
3.42e-05,0.8620379777056748
3.42e-05,0.8612680541710297
3.43e-05,0.8604269074918683
3.43e-05,0.8595140920121439
3.43e-05,0.8585292391701994
3.43e-05,0.8574720589004519
3.44e-05,0.8563423409120148
3.44e-05,0.8551399558409184
3.44e-05,0.8538648562728189
3.44e-05,0.8525170776333358
3.45e-05,0.8510967389433952
3.45e-05,0.8496040434372282
3.45e-05,0.8480392790409231
3.45e-05,0.8464028187097051
3.46e-05,0.8446951206223932
3.46e-05,0.842916728231751
3.46e-05,0.8410682701697478
3.46e-05,0.8391504600070153
3.47e-05,0.837164095866084
3.47e-05,0.8351100598882715
3.47e-05,0.8329893175543878
3.47e-05,0.8308029168597127
3.48e-05,0.828551987344
3.48e-05,0.8262377389775507
3.48e-05,0.8238614609046956
3.48e-05,0.821424520046313
3.49e-05,0.8189283595632993
3.49e-05,0.8163744971831943
3.49e-05,0.8137645233924489
3.49e-05,0.8111000994970932
3.5e-05,0.808382955554848
