x-axis,F1
second,Volt
-28.72000E-06,+12.52683519E-03
-28.69500E-06,-6.44938249E-03
-28.67000E-06,-9.41798858E-03
-28.64500E-06,-9.69981731E-03
-28.62000E-06,+19.07726422E-03
-28.59500E-06,+6.67294466E-03
-28.57000E-06,-4.14860349E-03
-28.54500E-06,-17.49957882E-03
-28.52000E-06,-37.18287032E-03
-28.49500E-06,-60.26684513E-03
-28.47000E-06,-78.88595163E-03
-28.44500E-06,+1.48224051E-03
-28.42000E-06,+30.78731877E-03
-28.39500E-06,+85.36787175E-03
-28.37000E-06,+119.88839282E-03
-28.34500E-06,+130.87742802E-03
-28.32000E-06,+121.52445025E-03
-28.29500E-06,+131.16590139E-03
-28.27000E-06,+131.42455006E-03
-28.24500E-06,+142.61421347E-03
-28.22000E-06,+134.60610096E-03
-28.19500E-06,+146.87853560E-03
-28.17000E-06,+91.19034381E-03
-28.14500E-06,+101.12431135E-03
-28.12000E-06,+91.70794584E-03
-28.09500E-06,+97.36774734E-03
-28.07000E-06,+57.47832395E-03
-28.04500E-06,+50.57058452E-03
-28.02000E-06,+37.63905340E-03
-27.99500E-06,+16.99946144E-03
-27.97000E-06,+20.40186745E-03
-27.94500E-06,+23.20552949E-03
-27.92000E-06,+5.41632299E-03
-27.89500E-06,-74.62033E-06
-27.87000E-06,-4.08010630E-03
-27.84500E-06,-26.36944340E-03
-27.82000E-06,-16.43680010E-03
-27.79500E-06,-69.83652949E-03
-27.77000E-06,-14.59720816E-03
-27.74500E-06,+14.58207902E-03
-27.72000E-06,-43.64319243E-03
-27.69500E-06,+87.13616E-06
-27.67000E-06,-44.59353967E-03
-27.64500E-06,+4.10296994E-03
-27.62000E-06,-32.31078064E-03
-27.59500E-06,+20.47495846E-03
-27.57000E-06,+7.74289537E-03
-27.54500E-06,+5.75923082E-03
-27.52000E-06,-39.21775834E-03
-27.49500E-06,-5.38138884E-03
-27.47000E-06,-8.53047828E-03
-27.44500E-06,+384.14091E-06
-27.42000E-06,+19.54874051E-03
-27.39500E-06,+7.66067531E-03
-27.37000E-06,+482.52174965E-03
-27.34500E-06,+1.67683981577E+00
-27.32000E-06,+3.57366352432E+00
-27.29500E-06,+5.11741386886E+00
-27.27000E-06,+5.51566712372E+00
-27.24500E-06,+5.06323647077E+00
-27.22000E-06,+4.22612572934E+00
-27.19500E-06,+3.28423558097E+00
-27.17000E-06,+2.43136740383E+00
-27.14500E-06,+1.81620211197E+00
-27.12000E-06,+1.36271019203E+00
-27.09500E-06,+995.55250501E-03
-27.07000E-06,+658.04307361E-03
-27.04500E-06,+432.02154320E-03
-27.02000E-06,+277.43511670E-03
-26.99500E-06,+134.46452448E-03
-26.97000E-06,+84.49176398E-03
-26.94500E-06,+87.33454384E-03
-26.92000E-06,+42.26556101E-03
-26.89500E-06,+63.47258392E-03
-26.87000E-06,+80.24322725E-03
-26.84500E-06,+77.82929019E-03
-26.82000E-06,+23.65299368E-03
-26.79500E-06,+47.34603683E-03
-26.77000E-06,+28.77186074E-03
-26.74500E-06,+51.88111330E-03
-26.72000E-06,+56.16858034E-03
-26.69500E-06,+112.29206034E-03
-26.67000E-06,+45.93909635E-03
-26.64500E-06,+65.55046873E-03
-26.62000E-06,+71.56667827E-03
-26.59500E-06,+48.18070644E-03
-26.57000E-06,+62.34859719E-03
-26.54500E-06,+11.77732711E-03
-26.52000E-06,+49.71693024E-03
-26.49500E-06,+62.36376149E-03
-26.47000E-06,+78.02681288E-03
-26.44500E-06,+44.73333487E-03
-26.42000E-06,+55.28253491E-03
-26.39500E-06,+71.63192931E-03
-26.37000E-06,+85.50627240E-03
-26.34500E-06,+19.28473629E-03
-26.32000E-06,+62.67243831E-03
-26.29500E-06,+87.94429187E-03
-26.27000E-06,+56.30873883E-03
-26.24500E-06,+73.79768272E-03
-26.22000E-06,+64.07049583E-03
-26.19500E-06,+68.94382771E-03
-26.17000E-06,+91.73833305E-03
-26.14500E-06,+52.89950069E-03
-26.12000E-06,+54.17915007E-03
-26.09500E-06,+90.81035726E-03
-26.07000E-06,+92.85292119E-03
-26.04500E-06,+11.42887622E-03
-26.02000E-06,+54.71374456E-03
-25.99500E-06,+85.52414378E-03
-25.97000E-06,+58.98473477E-03
-25.94500E-06,+75.46293202E-03
-25.92000E-06,+53.29431169E-03
-25.89500E-06,+80.88946806E-03
-25.87000E-06,+61.49126316E-03
-25.84500E-06,+105.49938916E-03
-25.82000E-06,+80.17480037E-03
-25.79500E-06,+49.78552118E-03
-25.77000E-06,+69.88142474E-03
-25.74500E-06,+53.66248555E-03
-25.72000E-06,+58.31725925E-03
-25.69500E-06,+81.29188465E-03
-25.67000E-06,+42.55819460E-03
-25.64500E-06,+43.39002822E-03
-25.62000E-06,+80.66098394E-03
-25.59500E-06,+47.13919759E-03
-25.57000E-06,+82.13856617E-03
-25.54500E-06,+43.18650544E-03
-25.52000E-06,+99.46246054E-03
-25.49500E-06,+63.64161787E-03
-25.47000E-06,+73.56097190E-03
-25.44500E-06,+48.85254141E-03
-25.42000E-06,+52.02708439E-03
-25.39500E-06,+85.32501559E-03
-25.37000E-06,+70.10366267E-03
-25.34500E-06,+78.25581264E-03
-25.32000E-06,+39.49393854E-03
-25.29500E-06,+56.16477168E-03
-25.27000E-06,+51.63607032E-03
-25.24500E-06,+42.62828557E-03
-25.22000E-06,+62.34940579E-03
-25.19500E-06,+88.10102094E-03
-25.17000E-06,+61.13718718E-03
-25.14500E-06,+73.32617127E-03
-25.12000E-06,+80.28472401E-03
-25.09500E-06,+99.43195615E-03
-25.07000E-06,+72.66103953E-03
-25.04500E-06,+46.18645969E-03
-25.02000E-06,+80.59773683E-03
-24.99500E-06,+110.88462767E-03
-24.97000E-06,+35.94457707E-03
-24.94500E-06,+75.35684048E-03
-24.92000E-06,+28.86651460E-03
-24.89500E-06,+60.12920621E-03
-24.87000E-06,+93.92441881E-03
-24.84500E-06,+86.43467006E-03
-24.82000E-06,+98.91327597E-03
-24.79500E-06,+77.47807363E-03
-24.77000E-06,+80.55816198E-03
-24.74500E-06,+32.02835425E-03
-24.72000E-06,+40.69634841E-03
-24.69500E-06,+99.31392301E-03
-24.67000E-06,+91.73853227E-03
-24.64500E-06,+47.87033038E-03
-24.62000E-06,+87.96137809E-03
-24.59500E-06,+74.90500512E-03
-24.57000E-06,+81.27686098E-03
-24.54500E-06,+84.16057509E-03
-24.52000E-06,+77.57747366E-03
-24.49500E-06,+61.87634744E-03
-24.47000E-06,+58.69049569E-03
-24.44500E-06,+58.39397141E-03
-24.42000E-06,+57.25342582E-03
-24.39500E-06,+115.03277998E-03
-24.37000E-06,+90.04792319E-03
-24.34500E-06,+73.83865212E-03
-24.32000E-06,+66.84122766E-03
-24.29500E-06,+79.67533926E-03
-24.27000E-06,+54.90036864E-03
-24.24500E-06,+52.24665040E-03
-24.22000E-06,+34.69333439E-03
-24.19500E-06,+43.62056316E-03
-24.17000E-06,+54.44281444E-03
-24.14500E-06,+81.39811682E-03
-24.12000E-06,+11.01426021E-03
-24.09500E-06,+42.93211074E-03
-24.07000E-06,+3.25565561E-03
-24.04500E-06,+57.02559796E-03
-24.02000E-06,+19.70665320E-03
-23.99500E-06,+77.14620504E-03
-23.97000E-06,+29.65837492E-03
-23.94500E-06,+42.21822823E-03
-23.92000E-06,+41.62186322E-03
-23.89500E-06,+42.17525488E-03
-23.87000E-06,+63.12967609E-03
-23.84500E-06,+57.44019053E-03
-23.82000E-06,+40.75806033E-03
-23.79500E-06,+47.85524811E-03
-23.77000E-06,+76.38926715E-03
-23.74500E-06,+51.92789530E-03
-23.72000E-06,+74.28227250E-03
-23.69500E-06,+46.98617170E-03
-23.67000E-06,+50.02181011E-03
-23.64500E-06,+77.52772677E-03
-23.62000E-06,+69.20708192E-03
-23.59500E-06,+47.96695302E-03
-23.57000E-06,+47.65992857E-03
-23.54500E-06,+64.68276344E-03
-23.52000E-06,+76.72714756E-03
-23.49500E-06,+66.49142910E-03
-23.47000E-06,+45.19078360E-03
-23.44500E-06,+49.61863179E-03
-23.42000E-06,+3.44184609E-03
-23.39500E-06,+66.33063356E-03
-23.37000E-06,+56.42439303E-03
-23.34500E-06,-16.30960275E-03
-23.32000E-06,+94.71998232E-03
-23.29500E-06,+82.49377888E-03
-23.27000E-06,+60.73833314E-03
-23.24500E-06,+75.37198134E-03
-23.22000E-06,+80.37081132E-03
-23.19500E-06,+31.93380586E-03
-23.17000E-06,+40.76183383E-03
-23.14500E-06,+35.60595837E-03
-23.12000E-06,+24.30017201E-03
-23.09500E-06,+79.11564280E-03
-23.07000E-06,+56.18968615E-03
-23.04500E-06,+41.12289429E-03
-23.02000E-06,+58.21032394E-03
-22.99500E-06,+69.28363002E-03
-22.97000E-06,+56.28009775E-03
-22.94500E-06,+49.85019799E-03
-22.92000E-06,+36.29921555E-03
-22.89500E-06,+31.70252091E-03
-22.87000E-06,+70.58689306E-03
-22.84500E-06,+27.37700248E-03
-22.82000E-06,+28.60443228E-03
-22.79500E-06,+29.34695588E-03
-22.77000E-06,+48.24410589E-03
-22.74500E-06,+72.54092042E-03
-22.72000E-06,+52.81940175E-03
-22.69500E-06,+86.64638439E-03
-22.67000E-06,+26.77435612E-03
-22.64500E-06,+76.58033271E-03
-22.62000E-06,+43.54011266E-03
-22.59500E-06,+89.74832855E-03
-22.57000E-06,-12.76586636E-03
-22.54500E-06,+40.17418771E-03
-22.52000E-06,+97.31771919E-03
-22.49500E-06,+16.70563253E-03
-22.47000E-06,+63.91959107E-03
-22.44500E-06,+35.70772562E-03
-22.42000E-06,+40.56138141E-03
-22.39500E-06,+37.66260846E-03
-22.37000E-06,+50.46465704E-03
-22.34500E-06,-17.89692112E-03
-22.32000E-06,-20.26353711E-03
-22.29500E-06,+31.58639796E-03
-22.27000E-06,+28.68562108E-03
-22.24500E-06,+76.19700626E-03
-22.22000E-06,+60.47422345E-03
-22.19500E-06,+28.79460720E-03
-22.17000E-06,+13.17448228E-03
-22.14500E-06,+22.15677834E-03
-22.12000E-06,+38.21718374E-03
-22.09500E-06,+25.35453653E-03
-22.07000E-06,+25.75908597E-03
-22.04500E-06,+61.04207628E-03
-22.02000E-06,+45.43948289E-03
-21.99500E-06,+44.47304555E-03
-21.97000E-06,+58.29414950E-03
-21.94500E-06,+37.55505205E-03
-21.92000E-06,+71.54851392E-03
-21.89500E-06,+48.71951975E-03
-21.87000E-06,+30.79149071E-03
-21.84500E-06,+55.26801515E-03
-21.82000E-06,+43.13516477E-03
-21.79500E-06,+54.30083952E-03
-21.77000E-06,+52.52561971E-03
-21.74500E-06,+70.80344731E-03
-21.72000E-06,+55.30142584E-03
-21.69500E-06,+51.80985044E-03
-21.67000E-06,+37.31738028E-03
-21.64500E-06,+41.75033793E-03
-21.62000E-06,+35.56643039E-03
-21.59500E-06,+42.56667911E-03
-21.57000E-06,+50.54540052E-03
-21.54500E-06,+14.77341411E-03
-21.52000E-06,+73.14668402E-03
-21.49500E-06,+31.58734719E-03
-21.47000E-06,+49.41042142E-03
-21.44500E-06,+36.81102843E-03
-21.42000E-06,+64.67523988E-03
-21.39500E-06,+51.66775833E-03
-21.37000E-06,+35.00181198E-03
-21.34500E-06,+56.73339797E-03
-21.32000E-06,+40.94218828E-03
-21.29500E-06,+53.58886719E-03
-21.27000E-06,+60.45950446E-03
-21.24500E-06,+51.86083954E-03
-21.22000E-06,+67.32545416E-03
-21.19500E-06,+15.37051741E-03
-21.17000E-06,+56.16381073E-03
-21.14500E-06,+14.10359480E-03
-21.12000E-06,+57.91056524E-03
-21.09500E-06,+83.15703559E-03
-21.07000E-06,+34.46441667E-03
-21.04500E-06,+51.72689208E-03
-21.02000E-06,+56.36307954E-03
-20.99500E-06,+58.94416381E-03
-20.97000E-06,+82.41648077E-03
-20.94500E-06,+48.57634949E-03
-20.92000E-06,+113.65089459E-03
-20.89500E-06,+41.12950378E-03
-20.87000E-06,+72.02948255E-03
-20.84500E-06,+77.84446621E-03
-20.82000E-06,+15.37873239E-03
-20.79500E-06,+48.17640559E-03
-20.77000E-06,+53.52528023E-03
-20.74500E-06,+32.92741942E-03
-20.72000E-06,+13.41581036E-03
-20.69500E-06,+26.82692728E-03
-20.67000E-06,+64.72902981E-03
-20.64500E-06,+49.18423421E-03
-20.62000E-06,+40.73052083E-03
-20.59500E-06,+12.20831447E-03
-20.57000E-06,+63.24020911E-03
-20.54500E-06,+83.65846549E-03
-20.52000E-06,+10.16452006E-03
-20.49500E-06,+18.68887519E-03
-20.47000E-06,+34.15953679E-03
-20.44500E-06,+58.44740977E-03
-20.42000E-06,+39.19287904E-03
-20.39500E-06,+44.84355148E-03
-20.37000E-06,+42.34657403E-03
-20.34500E-06,+37.73035564E-03
-20.32000E-06,+69.12797909E-03
-20.29500E-06,+49.92675781E-03
-20.27000E-06,+69.52973943E-03
-20.24500E-06,+63.27297526E-03
-20.22000E-06,+10.00716988E-03
-20.19500E-06,+65.34869206E-03
-20.17000E-06,+62.08964382E-03
-20.14500E-06,+83.28449076E-03
-20.12000E-06,+49.16186276E-03
-20.09500E-06,+52.17755554E-03
-20.07000E-06,+58.06932169E-03
-20.04500E-06,+55.02758943E-03
-20.02000E-06,+70.12703024E-03
-19.99500E-06,+14.42219755E-03
-19.97000E-06,-83.58532E-06
-19.94500E-06,+70.23189129E-03
-19.92000E-06,+37.94930055E-03
-19.89500E-06,+57.02307838E-03
-19.87000E-06,+108.70253807E-03
-19.84500E-06,+54.44308398E-03
-19.82000E-06,+52.97325968E-03
-19.79500E-06,+33.38443454E-03
-19.77000E-06,+59.50715329E-03
-19.74500E-06,+31.81570241E-03
-19.72000E-06,+45.28427728E-03
-19.69500E-06,+117.23387770E-03
-19.67000E-06,+36.07272365E-03
-19.64500E-06,+55.13704430E-03
-19.62000E-06,+28.50366114E-03
-19.59500E-06,+108.89367394E-03
-19.57000E-06,+83.26529513E-03
-19.54500E-06,+67.61398612E-03
-19.52000E-06,+66.24343294E-03
-19.49500E-06,+8.96849701E-03
-19.47000E-06,+72.33779608E-03
-19.44500E-06,+46.49962485E-03
-19.42000E-06,+3.74315169E-03
-19.39500E-06,+71.28489642E-03
-19.37000E-06,+48.92462459E-03
-19.34500E-06,+66.71606941E-03
-19.32000E-06,+32.49912741E-03
-19.29500E-06,+1.10476182E-03
-19.27000E-06,+76.54396884E-03
-19.24500E-06,+7.69042969E-03
-19.22000E-06,+101.33594364E-03
-19.19500E-06,+13.56466430E-03
-19.17000E-06,+16.44303457E-03
-19.14500E-06,+31.46020844E-03
-19.12000E-06,+61.79401019E-03
-19.09500E-06,+60.88637848E-03
-19.07000E-06,+37.25030108E-03
-19.04500E-06,+42.77992862E-03
-19.02000E-06,+20.24565401E-03
-18.99500E-06,+25.94140920E-03
-18.97000E-06,+56.11689982E-03
-18.94500E-06,+88.31649705E-03
-18.92000E-06,+12.50576454E-03
-18.89500E-06,+71.39225361E-03
-18.87000E-06,+22.66863809E-03
-18.84500E-06,+67.03189478E-03
-18.82000E-06,+51.82224908E-03
-18.79500E-06,+50.17454303E-03
-18.77000E-06,+57.26331660E-03
-18.74500E-06,+91.12833892E-03
-18.72000E-06,+37.80930612E-03
-18.69500E-06,+69.36043594E-03
-18.67000E-06,+64.15794254E-03
-18.64500E-06,+29.60528814E-03
-18.62000E-06,+71.52907220E-03
-18.59500E-06,+63.27898707E-03
-18.57000E-06,+44.95237353E-03
-18.54500E-06,+39.83149082E-03
-18.52000E-06,+64.24733460E-03
-18.49500E-06,+42.41125085E-03
-18.47000E-06,+133.44413315E-03
-18.44500E-06,+46.56887206E-03
-18.42000E-06,+74.79225722E-03
-18.39500E-06,+20.50402142E-03
-18.37000E-06,+52.14188310E-03
-18.34500E-06,+76.83243049E-03
-18.32000E-06,+33.46319752E-03
-18.29500E-06,+55.87686083E-03
-18.27000E-06,+21.48397070E-03
-18.24500E-06,+79.10990052E-03
-18.22000E-06,+48.45791790E-03
-18.19500E-06,-3.11302757607E+00
-18.17000E-06,-6.48707045525E+00
-18.14500E-06,-6.80459223089E+00
-18.12000E-06,-5.56233220238E+00
-18.09500E-06,-4.09642166578E+00
-18.07000E-06,-3.54329526889E+00
-18.04500E-06,-3.30169754786E+00
-18.02000E-06,-2.76459832145E+00
-17.99500E-06,-1.70025598729E+00
-17.97000E-06,-822.13998040E-03
-17.94500E-06,-339.08907972E-03
-17.92000E-06,-123.91281659E-03
-17.89500E-06,-53.11500023E-03
-17.87000E-06,-11.92036846E-03
-17.84500E-06,+60.23113753E-03
-17.82000E-06,+18.88819088E-03
-17.79500E-06,+31.04213535E-03
-17.77000E-06,+45.04696880E-03
-17.74500E-06,-4.12794300E-03
-17.72000E-06,+827.72613E-06
-17.69500E-06,-9.29260767E-03
-17.67000E-06,+64.54642532E-03
-17.64500E-06,+27.13195950E-03
-17.62000E-06,+9.10871410E-03
-17.59500E-06,+24.51378480E-03
-17.57000E-06,+7.75768467E-03
-17.54500E-06,-6.24309403E-03
-17.52000E-06,+15.87245123E-03
-17.49500E-06,-15.80976663E-03
-17.47000E-06,+16.79534099E-03
-17.44500E-06,+2.02024521E-03
-17.42000E-06,+22.93959164E-03
-17.39500E-06,-21.51606887E-03
-17.37000E-06,+28.66980052E-03
-17.34500E-06,+8.94039500E-03
-17.32000E-06,+42.81531981E-03
-17.29500E-06,+16.55730593E-03
-17.27000E-06,+18.48606726E-03
-17.24500E-06,-10.83172604E-03
-17.22000E-06,-2.87931365E-03
-17.19500E-06,+1.78477660E-03
-17.17000E-06,+13.50962045E-03
-17.14500E-06,+26.75673084E-03
-17.12000E-06,+6.48180879E-03
-17.09500E-06,+2.95317811E-03
-17.07000E-06,+21.13619951E-03
-17.04500E-06,+12.75554198E-03
-17.02000E-06,-974.51755E-06
-16.99500E-06,-16.72917587E-03
-16.97000E-06,+5.81603251E-03
-16.94500E-06,+42.37185178E-03
-16.92000E-06,+4.57373138E-03
-16.89500E-06,-5.91533879E-03
-16.87000E-06,-15.57297378E-03
-16.84500E-06,+11.03649104E-03
-16.82000E-06,+1.39235626E-03
-16.79500E-06,+12.33218364E-03
-16.77000E-06,+7.10639300E-03
-16.74500E-06,+28.96052391E-03
-16.72000E-06,+22.65739963E-03
-16.69500E-06,-6.02803981E-03
-16.67000E-06,-24.03545293E-03
-16.64500E-06,+2.95146715E-03
-16.62000E-06,+26.78189140E-03
-16.59500E-06,+30.71007925E-03
-16.57000E-06,+26.99128538E-03
-16.54500E-06,+44.04335899E-03
-16.52000E-06,-7.10727192E-03
-16.49500E-06,+12.45156446E-03
-16.47000E-06,+24.78504305E-03
-16.44500E-06,+47.32835296E-03
-16.42000E-06,-16.24663690E-03
-16.39500E-06,+18.55968563E-03
-16.37000E-06,+12.65593101E-03
-16.34500E-06,+5.71578872E-03
-16.32000E-06,+16.69705426E-03
-16.29500E-06,+16.74410580E-03
-16.27000E-06,-3.41066199E-03
-16.24500E-06,+26.79764165E-03
-16.22000E-06,-3.21020957E-03
-16.19500E-06,+35.70404588E-03
-16.17000E-06,+1.28740146E-03
-16.14500E-06,-4.42771342E-03
-16.12000E-06,+64.30785119E-03
-16.09500E-06,+11.43065750E-03
-16.07000E-06,+5.13195125E-03
-16.04500E-06,+746.50218E-06
-16.02000E-06,-15.71934331E-03
-15.99500E-06,+62.66430536E-03
-15.97000E-06,+36.81171985E-03
-15.94500E-06,+23.27080397E-03
-15.92000E-06,+39.62802663E-03
-15.89500E-06,-8.10525664E-03
-15.87000E-06,+2.99052637E-03
-15.84500E-06,+18.15140956E-03
-15.82000E-06,-12.54334718E-03
-15.79500E-06,-25.12466957E-03
-15.77000E-06,+37.93364405E-03
-15.74500E-06,+7.88754221E-03
-15.72000E-06,+29.52538842E-03
-15.69500E-06,+32.85873473E-03
-15.67000E-06,-8.34433468E-03
-15.64500E-06,+11.09362086E-03
-15.62000E-06,-9.89130475E-03
-15.59500E-06,+62.20634101E-03
-15.57000E-06,+14.28223828E-03
-15.54500E-06,+16.07611464E-03
-15.52000E-06,+72.38018347E-03
-15.49500E-06,+58.19406977E-03
-15.47000E-06,-6.15069021E-03
-15.44500E-06,+8.22660624E-03
-15.42000E-06,+6.38863151E-03
-15.39500E-06,+23.72303777E-03
-15.37000E-06,-6.56026707E-03
-15.34500E-06,+29.38933156E-03
-15.32000E-06,+42.34887094E-03
-15.29500E-06,+7.89835879E-03
-15.27000E-06,-34.94999084E-03
-15.24500E-06,+41.40653946E-03
-15.22000E-06,+46.69673738E-03
-15.19500E-06,+27.45016381E-03
-15.17000E-06,+1.90726294E-03
-15.14500E-06,+51.84553461E-03
-15.12000E-06,+25.22630792E-03
-15.09500E-06,+35.05956291E-03
-15.07000E-06,+46.56307118E-03
-15.04500E-06,+19.71382519E-03
-15.02000E-06,+37.68236659E-03
-14.99500E-06,+19.39596073E-03
-14.97000E-06,+8.82708459E-03
-14.94500E-06,+27.28933311E-03
-14.92000E-06,+8.98845436E-03
-14.89500E-06,+21.41942279E-03
-14.87000E-06,+54.46230303E-03
-14.84500E-06,+22.29748762E-03
-14.82000E-06,+3.12038391E-03
-14.79500E-06,+53.36174246E-03
-14.77000E-06,+33.90340769E-03
-14.74500E-06,+4.08147741E-03
-14.72000E-06,+25.61330239E-03
-14.69500E-06,+35.56822339E-03
-14.67000E-06,+36.45637822E-03
-14.64500E-06,+21.39805917E-03
-14.62000E-06,+37.31555213E-03
-14.59500E-06,+25.85014212E-03
-14.57000E-06,+51.40010951E-03
-14.54500E-06,+64.16272387E-03
-14.52000E-06,+5.28327789E-03
-14.49500E-06,+46.71680021E-03
-14.47000E-06,+46.38578710E-03
-14.44500E-06,+50.75890785E-03
-14.42000E-06,+19.63243717E-03
-14.39500E-06,+3.09449678E-03
-14.37000E-06,-18.16530822E-03
-14.34500E-06,+18.28458357E-03
-14.32000E-06,+90.95119546E-03
-14.29500E-06,+134.20534846E-03
-14.27000E-06,+94.80284693E-03
-14.24500E-06,+208.60836703E-03
-14.22000E-06,+226.58007254E-03
-14.19500E-06,+228.16631277E-03
-14.17000E-06,+193.49249627E-03
-14.14500E-06,+262.34871906E-03
-14.12000E-06,+207.44423122E-03
-14.09500E-06,+215.90107356E-03
-14.07000E-06,+222.73262818E-03
-14.04500E-06,+169.52196040E-03
-14.02000E-06,+182.70603462E-03
-13.99500E-06,+188.31335872E-03
-13.97000E-06,+188.92856778E-03
-13.94500E-06,+53.58562104E-03
-13.92000E-06,+92.93780146E-03
-13.89500E-06,+100.87720583E-03
-13.87000E-06,+59.32381051E-03
-13.84500E-06,+27.87217447E-03
-13.82000E-06,+6.15433480E-03
-13.79500E-06,+3.92157251E-03
-13.77000E-06,+15.99617977E-03
-13.74500E-06,+26.36421675E-03
-13.72000E-06,+17.89189370E-03
-13.69500E-06,-8.65843737E-03
-13.67000E-06,-7.32938094E-03
-13.64500E-06,-14.19029150E-03
-13.62000E-06,-15.96336674E-03
-13.59500E-06,+31.65095759E-03
-13.57000E-06,+26.58830627E-03
-13.54500E-06,-12.52210075E-03
-13.52000E-06,+16.83635727E-03
-13.49500E-06,+27.32526338E-03
-13.47000E-06,-30.54008434E-03
-13.44500E-06,-42.73411929E-03
-13.42000E-06,+24.48697187E-03
-13.39500E-06,+39.70105905E-03
-13.37000E-06,-16.50427774E-03
-13.34500E-06,+19.57183854E-03
-13.32000E-06,+17.99336797E-03
-13.29500E-06,+8.46161781E-03
-13.27000E-06,-18.44215641E-03
-13.24500E-06,-18.04013825E-03
-13.22000E-06,-96.08090253E-03
-13.19500E-06,-168.23058036E-03
-13.17000E-06,-180.99884325E-03
-13.14500E-06,-198.03308064E-03
-13.12000E-06,-273.09330895E-03
-13.09500E-06,-211.37742305E-03
-13.07000E-06,-188.28652235E-03
-13.04500E-06,-193.49624633E-03
-13.02000E-06,-223.95846419E-03
-12.99500E-06,-164.95144586E-03
-12.97000E-06,-159.41973236E-03
-12.94500E-06,-146.13418385E-03
-12.92000E-06,-125.13417597E-03
-12.89500E-06,-135.67175083E-03
-12.87000E-06,-68.14201801E-03
-12.84500E-06,-131.85811558E-03
-12.82000E-06,-52.03754940E-03
-12.79500E-06,-28.17828483E-03
-12.77000E-06,-43.70517389E-03
-12.74500E-06,-57.89705331E-03
-12.72000E-06,+1.72996713E-03
-12.69500E-06,+28.34124838E-03
-12.67000E-06,+25.30335993E-03
-12.64500E-06,+18.20564481E-03
-12.62000E-06,-3.89361113E-03
-12.59500E-06,+27.01955146E-03
-12.57000E-06,+20.02561924E-03
-12.54500E-06,+29.15654658E-03
-12.52000E-06,+17.69125376E-03
-12.49500E-06,+9.27164249E-03
-12.47000E-06,+6.14178382E-03
-12.44500E-06,+10.13279689E-03
-12.42000E-06,+3.59361805E-03
-12.39500E-06,+134.03535E-06
-12.37000E-06,-273.24461E-06
-12.34500E-06,-22.63659852E-03
-12.32000E-06,-17.92120275E-03
-12.29500E-06,-9.83259287E-03
-12.27000E-06,+56.12023972E-03
-12.24500E-06,+110.00895350E-03
-12.22000E-06,+95.03437798E-03
-12.19500E-06,+166.46781778E-03
-12.17000E-06,+118.65352150E-03
-12.14500E-06,+175.30307633E-03
-12.12000E-06,+163.46060951E-03
-12.09500E-06,+172.24329691E-03
-12.07000E-06,+162.03535233E-03
-12.04500E-06,+93.81594832E-03
-12.02000E-06,+143.43842978E-03
-11.99500E-06,+115.08681600E-03
-11.97000E-06,+141.69762849E-03
-11.94500E-06,+122.00340323E-03
-11.92000E-06,+107.24412802E-03
-11.89500E-06,+148.33292607E-03
-11.87000E-06,+83.59261678E-03
-11.84500E-06,+61.30401797E-03
-11.82000E-06,+56.36067716E-03
-11.79500E-06,+28.94676588E-03
-11.77000E-06,-1.77959683E-03
-11.74500E-06,+18.21955518E-03
-11.72000E-06,+283.29945E-06
-11.69500E-06,-24.12747002E-03
-11.67000E-06,-12.82733219E-03
-11.64500E-06,-20.94590740E-03
-11.62000E-06,-39.90268337E-03
-11.59500E-06,+11.84914076E-03
-11.57000E-06,-38.51161033E-03
-11.54500E-06,-22.86449669E-03
-11.52000E-06,-57.18783493E-03
-11.49500E-06,-66.50728482E-03
-11.47000E-06,-43.45223234E-03
-11.44500E-06,-6.10080269E-03
-11.42000E-06,-29.44593403E-03
-11.39500E-06,-15.12185328E-03
-11.37000E-06,+35.35504420E-03
-11.34500E-06,-51.50174785E-03
-11.32000E-06,-12.79014800E-03
-11.29500E-06,+9.06013910E-03
-11.27000E-06,-41.97431026E-03
-11.24500E-06,-54.24840899E-03
-11.22000E-06,-160.80612954E-03
-11.19500E-06,-182.63151390E-03
-11.17000E-06,-202.84569671E-03
-11.14500E-06,-181.06517244E-03
-11.12000E-06,-235.41908116E-03
-11.09500E-06,-258.70091851E-03
-11.07000E-06,-221.17097428E-03
-11.04500E-06,-222.64085718E-03
-11.02000E-06,-221.47607682E-03
-10.99500E-06,-195.02737240E-03
-10.97000E-06,-161.23002695E-03
-10.94500E-06,-167.47939647E-03
-10.92000E-06,-139.03141786E-03
-10.89500E-06,-120.38999850E-03
-10.87000E-06,-143.92957045E-03
-10.84500E-06,-73.93143095E-03
-10.82000E-06,-125.13981278E-03
-10.79500E-06,-86.01317504E-03
-10.77000E-06,-58.54607150E-03
-10.74500E-06,-58.06817323E-03
-10.72000E-06,-47.58163436E-03
-10.69500E-06,-4.66556098E-03
-10.67000E-06,+6.99093802E-03
-10.64500E-06,-44.07458996E-03
-10.62000E-06,-2.35132864E-03
-10.59500E-06,+4.55526234E-03
-10.57000E-06,-27.94571080E-03
-10.54500E-06,-29.90549216E-03
-10.52000E-06,-447.83334E-06
-10.49500E-06,+53.54323364E-03
-10.47000E-06,+30.37349965E-03
-10.44500E-06,-16.98045333E-03
-10.42000E-06,-16.73976979E-03
-10.39500E-06,-7.33464274E-03
-10.37000E-06,-2.43400574E-03
-10.34500E-06,-4.36622416E-03
-10.32000E-06,-65.39915381E-03
-10.29500E-06,-36.66107290E-03
-10.27000E-06,-33.46146312E-03
-10.24500E-06,+265.26401E-06
-10.22000E-06,+51.25150167E-03
-10.19500E-06,+71.17913301E-03
-10.17000E-06,+140.80169228E-03
-10.14500E-06,+114.16787552E-03
-10.12000E-06,+139.31427786E-03
-10.09500E-06,+128.92126782E-03
-10.07000E-06,+112.31038876E-03
-10.04500E-06,+81.50144270E-03
-10.02000E-06,+132.39234679E-03
-9.99500E-06,+98.23402291E-03
-9.97000E-06,+110.92267906E-03
-9.94500E-06,+56.35553255E-03
-9.92000E-06,+97.67873278E-03
-9.89500E-06,+41.38590241E-03
-9.87000E-06,+51.44589540E-03
-9.84500E-06,+48.39085043E-03
-9.82000E-06,+71.07696731E-03
-9.79500E-06,+30.97136468E-03
-9.77000E-06,+15.55653211E-03
-9.74500E-06,-183.13770E-06
-9.72000E-06,+16.42554992E-03
-9.69500E-06,-10.78332683E-03
-9.67000E-06,-6.28696973E-03
-9.64500E-06,+5.15638524E-03
-9.62000E-06,-12.87133680E-03
-9.59500E-06,-48.54618494E-03
-9.57000E-06,-38.54040375E-03
-9.54500E-06,-26.87830310E-03
-9.52000E-06,-2.25982717E-03
-9.49500E-06,-7.97416860E-03
-9.47000E-06,+20.25574402E-03
-9.44500E-06,+1.18177867E-03
-9.42000E-06,+8.90107796E-03
-9.39500E-06,+955.05239E-06
-9.37000E-06,-21.15185601E-03
-9.34500E-06,-350.13256E-06
-9.32000E-06,-822.03073E-06
-9.29500E-06,-20.67347726E-03
-9.27000E-06,+19.45481323E-03
-9.24500E-06,+1.40113375E-03
-9.22000E-06,+27.94040213E-03
-9.19500E-06,+285.17874451E-03
-9.17000E-06,+1.30474332318E+00
-9.14500E-06,+3.00076249857E+00
-9.12000E-06,+4.80428926123E+00
-9.09500E-06,+5.51410352448E+00
-9.07000E-06,+5.21942733700E+00
-9.04500E-06,+4.44603988857E+00
-9.02000E-06,+3.52064567992E+00
-8.99500E-06,+2.65693727466E+00
-8.97000E-06,+1.98826402901E+00
-8.94500E-06,+1.41644832919E+00
-8.92000E-06,+1.04313463741E+00
-8.89500E-06,+722.30827372E-03
-8.87000E-06,+552.22038826E-03
-8.84500E-06,+335.22832263E-03
-8.82000E-06,+195.20517211E-03
-8.79500E-06,+112.03255619E-03
-8.77000E-06,+54.83919578E-03
-8.74500E-06,+83.28747908E-03
-8.72000E-06,+74.46265039E-03
-8.69500E-06,+66.19100241E-03
-8.67000E-06,+61.00132954E-03
-8.64500E-06,+51.12001518E-03
-8.62000E-06,+89.73874246E-03
-8.59500E-06,+103.08786620E-03
-8.57000E-06,+80.43171464E-03
-8.54500E-06,+52.64602007E-03
-8.52000E-06,+69.47924253E-03
-8.49500E-06,+57.26405490E-03
-8.47000E-06,+72.64595726E-03
-8.44500E-06,+56.04835575E-03
-8.42000E-06,+104.26047481E-03
-8.39500E-06,+48.78225122E-03
-8.37000E-06,+52.07826098E-03
-8.34500E-06,+46.63610360E-03
-8.32000E-06,+78.11857216E-03
-8.29500E-06,+78.95836295E-03
-8.27000E-06,+46.72282374E-03
-8.24500E-06,+55.08001995E-03
-8.22000E-06,+73.40125450E-03
-8.19500E-06,+106.79326533E-03
-8.17000E-06,+70.12364346E-03
-8.14500E-06,+8.19161348E-03
-8.12000E-06,+37.98163309E-03
-8.09500E-06,+75.21643589E-03
-8.07000E-06,+72.37333962E-03
-8.04500E-06,+75.86540720E-03
-8.02000E-06,+56.05080502E-03
-7.99500E-06,+73.50166235E-03
-7.97000E-06,+87.10199324E-03
-7.94500E-06,+63.31419077E-03
-7.92000E-06,+96.85627431E-03
-7.89500E-06,+100.32301727E-03
-7.87000E-06,+60.18412115E-03
-7.84500E-06,+43.55240582E-03
-7.82000E-06,+49.98957132E-03
-7.79500E-06,+50.33496356E-03
-7.77000E-06,+91.75500909E-03
-7.74500E-06,+64.83112519E-03
-7.72000E-06,+94.43251678E-03
-7.69500E-06,+77.44469810E-03
-7.67000E-06,+83.51862341E-03
-7.64500E-06,+60.49393470E-03
-7.62000E-06,+72.61740993E-03
-7.59500E-06,+55.60550883E-03
-7.57000E-06,+50.05198638E-03
-7.54500E-06,+60.24768467E-03
-7.52000E-06,+47.05514937E-03
-7.49500E-06,+49.86341695E-03
-7.47000E-06,+79.81671653E-03
-7.44500E-06,+34.05673827E-03
-7.42000E-06,+81.34307297E-03
-7.39500E-06,+70.81601000E-03
-7.37000E-06,+37.39194788E-03
-7.34500E-06,+13.29385137E-03
-7.32000E-06,+61.12255023E-03
-7.29500E-06,+91.87497586E-03
-7.27000E-06,+48.27930958E-03
-7.24500E-06,+60.77075944E-03
-7.22000E-06,+79.53349324E-03
-7.19500E-06,+55.39732190E-03
-7.17000E-06,+29.12325308E-03
-7.14500E-06,+82.08722550E-03
-7.12000E-06,+56.50982408E-03
-7.09500E-06,+20.14048827E-03
-7.07000E-06,+55.35638765E-03
-7.04500E-06,+81.10792077E-03
-7.02000E-06,+86.74103825E-03
-6.99500E-06,+90.63049501E-03
-6.97000E-06,+40.44178965E-03
-6.94500E-06,+67.17164311E-03
-6.92000E-06,+50.76292744E-03
-6.89500E-06,+96.14220429E-03
-6.87000E-06,+79.77729401E-03
-6.84500E-06,+5.31516511E-03
-6.82000E-06,+54.16357560E-03
-6.79500E-06,+66.54369556E-03
-6.77000E-06,+49.44764078E-03
-6.74500E-06,+105.67564198E-03
-6.72000E-06,+80.86633488E-03
-6.69500E-06,+85.80744909E-03
-6.67000E-06,+86.02335879E-03
-6.64500E-06,+65.22769404E-03
-6.62000E-06,+12.77071801E-03
-6.59500E-06,+50.73421605E-03
-6.57000E-06,+38.03568083E-03
-6.54500E-06,+85.38999710E-03
-6.52000E-06,+48.64724906E-03
-6.49500E-06,+65.39868505E-03
-6.47000E-06,+56.73591754E-03
-6.44500E-06,+60.07856868E-03
-6.42000E-06,+95.56785917E-03
-6.39500E-06,+42.59103107E-03
-6.37000E-06,+65.73821782E-03
-6.34500E-06,+60.57260393E-03
-6.32000E-06,+30.81587782E-03
-6.29500E-06,+39.98409482E-03
-6.27000E-06,+57.94500720E-03
-6.24500E-06,+62.65235205E-03
-6.22000E-06,+15.80248916E-03
-6.19500E-06,+71.89271083E-03
-6.17000E-06,+79.82554088E-03
-6.14500E-06,+59.63865149E-03
-6.12000E-06,+25.67431118E-03
-6.09500E-06,+81.87545258E-03
-6.07000E-06,+61.57224101E-03
-6.04500E-06,+66.38667352E-03
-6.02000E-06,+34.81930125E-03
-5.99500E-06,+70.28177881E-03
-5.97000E-06,+29.17256637E-03
-5.94500E-06,+91.74058309E-03
-5.92000E-06,+10.60367552E-03
-5.89500E-06,+68.14829936E-03
-5.87000E-06,+48.19570668E-03
-5.84500E-06,+59.35054141E-03
-5.82000E-06,+2.92908398E-03
-5.79500E-06,+58.78173934E-03
-5.77000E-06,+37.04415325E-03
-5.74500E-06,+49.56370513E-03
-5.72000E-06,+78.90807699E-03
-5.69500E-06,+75.45642800E-03
-5.67000E-06,+37.07471624E-03
-5.64500E-06,+86.75171420E-03
-5.62000E-06,+48.36151792E-03
-5.59500E-06,+27.48962148E-03
-5.57000E-06,+37.81675937E-03
-5.54500E-06,+72.78316257E-03
-5.52000E-06,+86.32128934E-03
-5.49500E-06,+21.79029201E-03
-5.47000E-06,+15.88717021E-03
-5.44500E-06,+97.81163725E-03
-5.42000E-06,+88.34285294E-03
-5.39500E-06,+53.82145294E-03
-5.37000E-06,+83.85781633E-03
-5.34500E-06,+61.49891562E-03
-5.32000E-06,+31.03993219E-03
-5.29500E-06,+42.18061044E-03
-5.27000E-06,+56.62000553E-03
-5.24500E-06,+45.51724976E-03
-5.22000E-06,+42.14210201E-03
-5.19500E-06,+31.22827895E-03
-5.17000E-06,+67.01002724E-03
-5.14500E-06,+71.60888988E-03
-5.12000E-06,+16.61136539E-03
-5.09500E-06,+60.07269749E-03
-5.07000E-06,+57.23021060E-03
-5.04500E-06,+60.87572596E-03
-5.02000E-06,+46.51546886E-03
-4.99500E-06,+29.57004929E-03
-4.97000E-06,+75.16353660E-03
-4.94500E-06,+57.50504313E-03
-4.92000E-06,+22.65161047E-03
-4.89500E-06,+5.69224538E-03
-4.87000E-06,+27.11516627E-03
-4.84500E-06,+50.91821508E-03
-4.82000E-06,+67.64418582E-03
-4.79500E-06,+59.83354913E-03
-4.77000E-06,+48.52814950E-03
-4.74500E-06,+52.99272484E-03
-4.72000E-06,+27.06082555E-03
-4.69500E-06,+53.29026866E-03
-4.67000E-06,+74.03932721E-03
-4.64500E-06,+46.74560535E-03
-4.62000E-06,+66.79035575E-03
-4.59500E-06,+22.95258794E-03
-4.57000E-06,+52.07386638E-03
-4.54500E-06,+27.03212588E-03
-4.52000E-06,+17.80032191E-03
-4.49500E-06,+50.12670633E-03
-4.47000E-06,+37.87235400E-03
-4.44500E-06,+76.21945975E-03
-4.42000E-06,+29.77078297E-03
-4.39500E-06,+18.50377458E-03
-4.37000E-06,+56.22266324E-03
-4.34500E-06,+7.14449126E-03
-4.32000E-06,+37.56821242E-03
-4.29500E-06,+35.70479589E-03
-4.27000E-06,+10.39260574E-03
-4.24500E-06,+39.72501255E-03
-4.22000E-06,+9.10065147E-03
-4.19500E-06,+49.41801530E-03
-4.17000E-06,+76.41229486E-03
-4.14500E-06,+23.21387337E-03
-4.12000E-06,+67.88867802E-03
-4.09500E-06,+49.56539266E-03
-4.07000E-06,+20.67558666E-03
-4.04500E-06,-10.59243706E-03
-4.02000E-06,+68.62313898E-03
-3.99500E-06,-10.95844291E-03
-3.97000E-06,+46.18242837E-03
-3.94500E-06,+2.27683135E-03
-3.92000E-06,+57.36112286E-03
-3.89500E-06,+70.32686156E-03
-3.87000E-06,+59.77706386E-03
-3.84500E-06,+39.82967438E-03
-3.82000E-06,+43.42570067E-03
-3.79500E-06,+71.76666194E-03
-3.77000E-06,+18.88774556E-03
-3.74500E-06,+40.83301466E-03
-3.72000E-06,+26.84612289E-03
-3.69500E-06,-5.41551438E-03
-3.67000E-06,+61.89495712E-03
-3.64500E-06,+82.80046348E-03
-3.62000E-06,+77.75583589E-03
-3.59500E-06,+57.57600130E-03
-3.57000E-06,+31.88136362E-03
-3.54500E-06,+89.53945021E-03
-3.52000E-06,+82.40935566E-03
-3.49500E-06,+5.81624345E-03
-3.47000E-06,-140.48076E-06
-3.44500E-06,+29.67489863E-03
-3.42000E-06,+43.26685047E-03
-3.39500E-06,+7.90577689E-03
-3.37000E-06,+52.07452265E-03
-3.34500E-06,+45.87000150E-03
-3.32000E-06,+88.35126714E-03
-3.29500E-06,+69.91870269E-03
-3.27000E-06,+1.40406348E-03
-3.24500E-06,+46.67802224E-03
-3.22000E-06,+70.63456570E-03
-3.19500E-06,+77.07628986E-03
-3.17000E-06,+2.85415309E-03
-3.14500E-06,+103.79867836E-03
-3.12000E-06,+39.11927239E-03
-3.09500E-06,+62.62845713E-03
-3.07000E-06,+35.99992561E-03
-3.04500E-06,+14.28956262E-03
-3.02000E-06,+9.57644033E-03
-2.99500E-06,+83.65346150E-03
-2.97000E-06,+36.67082306E-03
-2.94500E-06,+22.40254789E-03
-2.92000E-06,+84.17324326E-03
-2.89500E-06,+66.06736763E-03
-2.87000E-06,+35.06331297E-03
-2.84500E-06,+60.12332330E-03
-2.82000E-06,+36.15420542E-03
-2.79500E-06,+29.90373432E-03
-2.77000E-06,+48.12302583E-03
-2.74500E-06,+52.58748398E-03
-2.72000E-06,+44.23093231E-03
-2.69500E-06,+58.84447081E-03
-2.67000E-06,+22.72042407E-03
-2.64500E-06,+23.62947377E-03
-2.62000E-06,+59.68270297E-03
-2.59500E-06,+50.36341715E-03
-2.57000E-06,+58.91383520E-03
-2.54500E-06,+10.24144316E-03
-2.52000E-06,+13.20687342E-03
-2.49500E-06,+9.08587388E-03
-2.47000E-06,+69.80621260E-03
-2.44500E-06,+38.19855063E-03
-2.42000E-06,+83.63235570E-03
-2.39500E-06,+39.21104339E-03
-2.37000E-06,+77.53230887E-03
-2.34500E-06,+66.19332277E-03
-2.32000E-06,+51.24214996E-03
-2.29500E-06,+23.33573861E-03
-2.27000E-06,+45.65113862E-03
-2.24500E-06,+45.14557194E-03
-2.22000E-06,+47.94817928E-03
-2.19500E-06,+33.00768242E-03
-2.17000E-06,+76.94308070E-03
-2.14500E-06,+70.38659298E-03
-2.12000E-06,+84.86135583E-03
-2.09500E-06,+34.92172477E-03
-2.07000E-06,+72.88535171E-03
-2.04500E-06,+32.62673492E-03
-2.02000E-06,+35.39798238E-03
-1.99500E-06,+56.91349460E-03
-1.97000E-06,+81.37036638E-03
-1.94500E-06,+62.98021276E-03
-1.92000E-06,+88.25771486E-03
-1.89500E-06,+61.33594036E-03
-1.87000E-06,+40.98631008E-03
-1.84500E-06,+75.47414704E-03
-1.82000E-06,+65.88506783E-03
-1.79500E-06,+44.88892720E-03
-1.77000E-06,+82.18835993E-03
-1.74500E-06,+64.08933988E-03
-1.72000E-06,+54.76221409E-03
-1.69500E-06,+62.48758379E-03
-1.67000E-06,+12.78653857E-03
-1.64500E-06,+23.24538560E-03
-1.62000E-06,+76.62574359E-03
-1.59500E-06,+58.02578583E-03
-1.57000E-06,+82.39089833E-03
-1.54500E-06,+38.92144501E-03
-1.52000E-06,+34.57660205E-03
-1.49500E-06,+47.18192483E-03
-1.47000E-06,+55.71941690E-03
-1.44500E-06,+33.08799230E-03
-1.42000E-06,+56.50909751E-03
-1.39500E-06,+14.99862865E-03
-1.37000E-06,+26.41463162E-03
-1.34500E-06,+44.17913460E-03
-1.32000E-06,+53.47688102E-03
-1.29500E-06,+40.45962587E-03
-1.27000E-06,+29.89196851E-03
-1.24500E-06,+32.16452830E-03
-1.22000E-06,+48.09279097E-03
-1.19500E-06,+86.74112028E-03
-1.17000E-06,+53.98997126E-03
-1.14500E-06,+40.17342598E-03
-1.12000E-06,+68.23470308E-03
-1.09500E-06,+62.12048807E-03
-1.07000E-06,+40.13775353E-03
-1.04500E-06,+70.36807706E-03
-1.02000E-06,+27.45346856E-03
-995.00E-09,+63.32021429E-03
-970.00E-09,+31.02869373E-03
-945.00E-09,+6.71483985E-03
-920.00E-09,+47.35716982E-03
-895.00E-09,+49.58024055E-03
-870.00E-09,+38.16968689E-03
-845.00E-09,+84.08136678E-03
-820.00E-09,+32.98655318E-03
-795.00E-09,+30.56528006E-03
-770.00E-09,+99.94327683E-03
-745.00E-09,+11.40890715E-03
-720.00E-09,+70.47914915E-03
-695.00E-09,+81.56324837E-03
-670.00E-09,+70.16256205E-03
-645.00E-09,+21.42378223E-03
-620.00E-09,+43.28167493E-03
-595.00E-09,+29.11664360E-03
-570.00E-09,+35.10190343E-03
-545.00E-09,+41.63553922E-03
-520.00E-09,+63.20013034E-03
-495.00E-09,+39.02153646E-03
-470.00E-09,+45.82464921E-03
-445.00E-09,+60.86287029E-03
-420.00E-09,+47.94891757E-03
-395.00E-09,+56.48096034E-03
-370.00E-09,+55.26246037E-03
-345.00E-09,+46.27520720E-03
-320.00E-09,+17.09513485E-03
-295.00E-09,+64.02006924E-03
-270.00E-09,+51.06287365E-03
-245.00E-09,+42.76894798E-03
-220.00E-09,+19.97685674E-03
-195.00E-09,+90.47183232E-03
-170.00E-09,+72.78531886E-03
-145.00E-09,+45.31351603E-03
-120.00E-09,+51.93744623E-03
-95.00E-09,+67.87958412E-03
-70.00E-09,+43.93798230E-03
-45.00E-09,+37.32720075E-03
-20.00E-09,-1.75350423780E+00
+5.00E-09,-6.00996097388E+00
+30.00E-09,-6.92556210000E+00
+55.00E-09,-5.90769147031E+00
+80.00E-09,-4.43672893490E+00
+105.00E-09,-3.61069523791E+00
+130.00E-09,-3.35795522142E+00
+155.00E-09,-3.03944965267E+00
+180.00E-09,-1.99815574976E+00
+205.00E-09,-977.69873887E-03
+230.00E-09,-437.82964784E-03
+255.00E-09,-178.90626289E-03
+280.00E-09,-93.23342337E-03
+305.00E-09,-18.58640480E-03
+330.00E-09,-20.20032516E-03
+355.00E-09,+10.48465799E-03
+380.00E-09,+10.96159531E-03
+405.00E-09,+22.04105383E-03
+430.00E-09,+2.42576733E-03
+455.00E-09,+22.19452504E-03
+480.00E-09,+31.45386850E-03
+505.00E-09,+1.53758905E-03
+530.00E-09,+12.32030064E-03
+555.00E-09,+23.67644328E-03
+580.00E-09,+14.73545647E-03
+605.00E-09,-15.25235536E-03
+630.00E-09,+34.68686553E-03
+655.00E-09,-1.60339089E-03
+680.00E-09,+6.18196805E-03
+705.00E-09,-19.57485031E-03
+730.00E-09,-13.75712441E-03
+755.00E-09,+23.06452724E-03
+780.00E-09,-8.62544856E-03
+805.00E-09,+4.14690424E-03
+830.00E-09,-30.73588436E-03
+855.00E-09,+20.60396052E-03
+880.00E-09,-27.03153993E-03
+905.00E-09,+25.61323208E-03
+930.00E-09,+1.30417126E-03
+955.00E-09,-21.56337822E-03
+980.00E-09,-13.23168241E-03
+1.00500E-06,+25.14915043E-03
+1.03000E-06,+21.53443245E-03
+1.05500E-06,+25.38024788E-03
+1.08000E-06,+3.83493440E-03
+1.10500E-06,-9.32578398E-03
+1.13000E-06,-10.80006147E-03
+1.15500E-06,+32.05931568E-03
+1.18000E-06,+28.46402769E-03
+1.20500E-06,+33.27088975E-03
+1.23000E-06,+6.43404240E-03
+1.25500E-06,+1.82448036E-03
+1.28000E-06,+16.27912180E-03
+1.30500E-06,-5.54078983E-03
+1.33000E-06,+12.15332921E-03
+1.35500E-06,+27.29039954E-03
+1.38000E-06,+21.22923615E-03
+1.40500E-06,+26.68065150E-03
+1.43000E-06,+47.69830810E-03
+1.45500E-06,+27.45219119E-03
+1.48000E-06,+53.60875422E-03
+1.50500E-06,+19.58833880E-03
+1.53000E-06,-6.87483851E-03
+1.55500E-06,-11.91077065E-03
+1.58000E-06,+18.76652488E-03
+1.60500E-06,-4.41711950E-03
+1.63000E-06,+18.71981319E-03
+1.65500E-06,+25.42694784E-03
+1.68000E-06,+55.54345705E-03
+1.70500E-06,+44.40520463E-03
+1.73000E-06,+60.65205833E-03
+1.75500E-06,-10.39410576E-03
+1.78000E-06,+17.03405575E-03
+1.80500E-06,+44.43126754E-03
+1.83000E-06,-40.75627905E-03
+1.85500E-06,+9.85707373E-03
+1.88000E-06,+28.05043123E-03
+1.90500E-06,+14.36803263E-03
+1.93000E-06,-64.94049E-06
+1.95500E-06,-1.46767388E-03
+1.98000E-06,+28.28142321E-03
+2.00500E-06,+50.00829818E-03
+2.03000E-06,+35.30358634E-03
+2.05500E-06,+33.27688985E-03
+2.08000E-06,+9.97932568E-03
+2.10500E-06,-2.41812658E-03
+2.13000E-06,+20.78486576E-03
+2.15500E-06,+2.20725602E-03
+2.18000E-06,+53.32915209E-03
+2.20500E-06,-12.99279187E-03
+2.23000E-06,+28.50333301E-03
+2.25500E-06,+14.16731066E-03
+2.28000E-06,+5.34326713E-03
+2.30500E-06,+18.97905952E-03
+2.33000E-06,+43.20117755E-03
+2.35500E-06,-31.75943979E-03
+2.38000E-06,+13.22654952E-03
+2.40500E-06,+1.52210834E-03
+2.43000E-06,+19.06303743E-03
+2.45500E-06,+49.46773875E-03
+2.48000E-06,+33.27646797E-03
+2.50500E-06,+33.78815194E-03
+2.53000E-06,+14.41244739E-03
+2.55500E-06,+15.56958700E-03
+2.58000E-06,+21.52235021E-03
+2.60500E-06,+23.47665883E-03
+2.63000E-06,+91.05381818E-03
+2.65500E-06,+8.62721811E-03
+2.68000E-06,-12.24191267E-03
+2.70500E-06,+49.23127402E-03
+2.73000E-06,+3.17108003E-03
+2.75500E-06,+21.92907938E-03
+2.78000E-06,+57.72360131E-03
+2.80500E-06,+24.74144860E-03
+2.83000E-06,+21.93038018E-03
+2.85500E-06,+29.14883552E-03
+2.88000E-06,+16.85708807E-03
+2.90500E-06,+27.46497655E-03
+2.93000E-06,+13.41684162E-03
+2.95500E-06,+81.27727114E-03
+2.98000E-06,+25.79725456E-03
+3.00500E-06,+82.02893551E-03
+3.03000E-06,+28.83234218E-03
+3.05500E-06,+18.23748516E-03
+3.08000E-06,+37.94971071E-03
+3.10500E-06,+17.47605891E-03
+3.13000E-06,-5.49626958E-03
+3.15500E-06,+53.37109417E-03
+3.18000E-06,+14.31301221E-03
+3.20500E-06,+43.45849026E-03
+3.23000E-06,+14.60735676E-03
+3.25500E-06,+31.68150886E-03
+3.28000E-06,+5.32434105E-03
+3.30500E-06,+23.47962372E-03
+3.33000E-06,+24.55291433E-03
+3.35500E-06,+47.51197698E-03
+3.38000E-06,+30.20077423E-03
+3.40500E-06,+5.32744657E-03
+3.43000E-06,+1.78505785E-03
+3.45500E-06,+45.96807729E-03
+3.48000E-06,+58.74736769E-03
+3.50500E-06,+8.11208878E-03
+3.53000E-06,+46.09015346E-03
+3.55500E-06,+27.81403682E-03
+3.58000E-06,+35.65970141E-03
+3.60500E-06,+77.16039667E-03
+3.63000E-06,+37.10339248E-03
+3.65500E-06,+48.51515319E-03
+3.68000E-06,+65.88838429E-03
+3.70500E-06,+44.83915688E-03
+3.73000E-06,+75.00947944E-03
+3.75500E-06,+25.27071097E-03
+3.78000E-06,+26.53077801E-03
+3.80500E-06,-16.34704476E-03
+3.83000E-06,+273.09226E-06
+3.85500E-06,+37.28981734E-03
+3.88000E-06,+116.90364976E-03
+3.90500E-06,+153.59631106E-03
+3.93000E-06,+197.04484608E-03
+3.95500E-06,+245.64613932E-03
+3.98000E-06,+193.99733638E-03
+4.00500E-06,+263.81152372E-03
+4.03000E-06,+196.38502302E-03
+4.05500E-06,+211.42323238E-03
+4.08000E-06,+209.73549444E-03
+4.10500E-06,+204.51721563E-03
+4.13000E-06,+196.58647155E-03
+4.15500E-06,+156.16521935E-03
+4.18000E-06,+151.37560756E-03
+4.20500E-06,+184.66394096E-03
+4.23000E-06,+177.40791470E-03
+4.25500E-06,+99.13155290E-03
+4.28000E-06,+64.33328128E-03
+4.30500E-06,+40.60379224E-03
+4.33000E-06,+55.44174839E-03
+4.35500E-06,+3.81426220E-03
+4.38000E-06,+36.95998785E-03
+4.40500E-06,+54.99948741E-03
+4.43000E-06,-11.80866355E-03
+4.45500E-06,+31.88554728E-03
+4.48000E-06,+21.28766677E-03
+4.50500E-06,+42.00211930E-03
+4.53000E-06,-8.09601040E-03
+4.55500E-06,+26.82485303E-03
+4.58000E-06,-699.34517E-06
+4.60500E-06,+24.02948798E-03
+4.63000E-06,-7.99466502E-03
+4.65500E-06,-27.75375460E-03
+4.68000E-06,+4.74834355E-03
+4.70500E-06,-24.60165339E-03
+4.73000E-06,-46.47437054E-03
+4.75500E-06,+191.90346E-06
+4.78000E-06,+42.00390058E-03
+4.80500E-06,+22.55221045E-03
+4.83000E-06,+68.21672623E-03
+4.85500E-06,+36.70238216E-03
+4.88000E-06,+11.11541E-06
+4.90500E-06,+23.72849880E-03
+4.93000E-06,+10.76462340E-03
+4.95500E-06,-77.19018622E-03
+4.98000E-06,-156.18173133E-03
+5.00500E-06,-201.91700607E-03
+5.03000E-06,-222.27924592E-03
+5.05500E-06,-232.96194810E-03
+5.08000E-06,-226.17858175E-03
+5.10500E-06,-228.84192123E-03
+5.13000E-06,-202.46474920E-03
+5.15500E-06,-189.25096747E-03
+5.18000E-06,-186.27020884E-03
+5.20500E-06,-180.89104074E-03
+5.23000E-06,-170.50517925E-03
+5.25500E-06,-125.85448047E-03
+5.28000E-06,-90.66711669E-03
+5.30500E-06,-65.23420976E-03
+5.33000E-06,-95.40586829E-03
+5.35500E-06,-80.65341350E-03
+5.38000E-06,-29.63868711E-03
+5.40500E-06,-39.25905588E-03
+5.43000E-06,-8.07810386E-03
+5.45500E-06,-27.67570649E-03
+5.48000E-06,+27.46890240E-03
+5.50500E-06,+6.55464198E-03
+5.53000E-06,-2.81232821E-03
+5.55500E-06,+4.03807047E-03
+5.58000E-06,-1.88301645E-03
+5.60500E-06,-28.17434728E-03
+5.63000E-06,+3.49288206E-03
+5.65500E-06,+21.77160030E-03
+5.68000E-06,+16.98125022E-03
+5.70500E-06,-12.07400373E-03
+5.73000E-06,+19.50187649E-03
+5.75500E-06,+24.74709713E-03
+5.78000E-06,+13.07028920E-03
+5.80500E-06,-15.61816200E-03
+5.83000E-06,-14.14128290E-03
+5.85500E-06,-33.28802284E-03
+5.88000E-06,-10.74370510E-03
+5.90500E-06,+40.25511869E-03
+5.93000E-06,+83.50705681E-03
+5.95500E-06,+150.62492758E-03
+5.98000E-06,+136.49849843E-03
+6.00500E-06,+148.11678198E-03
+6.03000E-06,+170.64909952E-03
+6.05500E-06,+159.44659216E-03
+6.08000E-06,+124.96077085E-03
+6.10500E-06,+206.08416649E-03
+6.13000E-06,+161.53543418E-03
+6.15500E-06,+136.26537360E-03
+6.18000E-06,+119.93386230E-03
+6.20500E-06,+116.24809239E-03
+6.23000E-06,+141.50398476E-03
+6.25500E-06,+68.96229675E-03
+6.28000E-06,+128.70017835E-03
+6.30500E-06,+68.09454459E-03
+6.33000E-06,+56.76346877E-03
+6.35500E-06,-16.82913840E-03
+6.38000E-06,+23.65316946E-03
+6.40500E-06,-14.75009343E-03
+6.43000E-06,-18.11952233E-03
+6.45500E-06,-19.49435293E-03
+6.48000E-06,+5.14118578E-03
+6.50500E-06,-38.51355567E-03
+6.53000E-06,-7.74814546E-03
+6.55500E-06,-10.06305749E-03
+6.58000E-06,-18.22736000E-03
+6.60500E-06,-40.52936527E-03
+6.63000E-06,-27.75157489E-03
+6.65500E-06,-70.90592942E-03
+6.68000E-06,-59.96784816E-03
+6.70500E-06,+588.71841E-06
+6.73000E-06,-22.90387232E-03
+6.75500E-06,-30.06659239E-03
+6.78000E-06,-12.18266172E-03
+6.80500E-06,+37.02868425E-03
+6.83000E-06,-23.66247430E-03
+6.85500E-06,+29.87314789E-03
+6.88000E-06,+1.19969693E-03
+6.90500E-06,-40.10761243E-03
+6.93000E-06,-81.90724607E-03
+6.95500E-06,-159.26043684E-03
+6.98000E-06,-201.43690463E-03
+7.00500E-06,-212.98959729E-03
+7.03000E-06,-219.80337428E-03
+7.05500E-06,-234.60242356E-03
+7.08000E-06,-203.48946481E-03
+7.10500E-06,-212.05058226E-03
+7.13000E-06,-193.27682095E-03
+7.15500E-06,-185.27979456E-03
+7.18000E-06,-217.83472169E-03
+7.20500E-06,-199.20237279E-03
+7.23000E-06,-167.03383075E-03
+7.25500E-06,-155.75186898E-03
+7.28000E-06,-131.96976191E-03
+7.30500E-06,-100.18637447E-03
+7.33000E-06,-129.34686448E-03
+7.35500E-06,-70.63785872E-03
+7.38000E-06,-87.80640685E-03
+7.40500E-06,-74.03217865E-03
+7.43000E-06,-25.13904871E-03
+7.45500E-06,-21.38339878E-03
+7.48000E-06,+10.65362163E-03
+7.50500E-06,-40.44009040E-03
+7.53000E-06,-35.31069974E-03
+7.55500E-06,+26.94162052E-03
+7.58000E-06,-14.55293402E-03
+7.60500E-06,-37.49823864E-03
+7.63000E-06,-28.30941975E-03
+7.65500E-06,+37.15050261E-03
+7.68000E-06,-1.22617001E-03
+7.70500E-06,-24.95229572E-03
+7.73000E-06,-27.68969889E-03
+7.75500E-06,+21.65768050E-03
+7.78000E-06,+13.59103191E-03
+7.80500E-06,+16.14694390E-03
+7.83000E-06,+5.94853853E-03
+7.85500E-06,+13.76349951E-03
+7.88000E-06,-55.23480368E-03
+7.90500E-06,-26.28983665E-03
+7.93000E-06,-1.43590383E-03
+7.95500E-06,+121.46348834E-03
+7.98000E-06,+73.33797223E-03
+8.00500E-06,+96.24639736E-03
+8.03000E-06,+116.68469313E-03
+8.05500E-06,+93.90582085E-03
+8.08000E-06,+79.32506022E-03
+8.10500E-06,+107.67622868E-03
+8.13000E-06,+142.44834363E-03
+8.15500E-06,+104.92949723E-03
+8.18000E-06,+90.42669097E-03
+8.20500E-06,+57.89201417E-03
+8.23000E-06,+103.10327661E-03
+8.25500E-06,+56.07646949E-03
+8.28000E-06,+23.62180959E-03
+8.30500E-06,+76.65587298E-03
+8.33000E-06,+33.74261214E-03
+8.35500E-06,+55.66651762E-03
+8.38000E-06,+69.51245399E-03
+8.40500E-06,+9.37595275E-03
+8.43000E-06,-240.02142E-06
+8.45500E-06,-14.25065575E-03
+8.48000E-06,-288.67845E-06
+8.50500E-06,-45.94957308E-03
+8.53000E-06,-62.58379626E-03
+8.55500E-06,-32.05565938E-03
+8.58000E-06,-44.44918580E-03
+8.60500E-06,-25.29986769E-03
+8.63000E-06,-32.86353949E-03
+8.65500E-06,-65.31109771E-03
+8.68000E-06,-63.21298602E-03
+8.70500E-06,+26.71791772E-03
+8.73000E-06,-21.76574083E-03
+8.75500E-06,-2.77347992E-03
+8.78000E-06,-23.92319722E-03
+8.80500E-06,-16.62730315E-03
+8.83000E-06,-26.19146789E-03
+8.85500E-06,-16.21158556E-03
+8.88000E-06,-24.92591639E-03
+8.90500E-06,+29.05427542E-03
+8.93000E-06,-33.91997827E-03
+8.95500E-06,+6.76964933E-03
+8.98000E-06,+69.55861490E-03
+9.00500E-06,+1.01267590010E+00
+9.03000E-06,+2.56507762135E+00
+9.05500E-06,+4.40743493110E+00
+9.08000E-06,+5.43394148018E+00
+9.10500E-06,+5.41856290598E+00
+9.13000E-06,+4.67922976414E+00
+9.15500E-06,+3.75472342907E+00
+9.18000E-06,+2.88660567982E+00
+9.20500E-06,+2.15486486259E+00
+9.23000E-06,+1.53802242671E+00
+9.25500E-06,+1.12492386791E+00
+9.28000E-06,+811.46017281E-03
+9.30500E-06,+574.60647690E-03
+9.33000E-06,+357.71308473E-03
+9.35500E-06,+226.14630779E-03
+9.38000E-06,+125.27237740E-03
+9.40500E-06,+35.16682634E-03
+9.43000E-06,+96.46326802E-03
+9.45500E-06,+52.49798645E-03
+9.48000E-06,+9.10796409E-03
+9.50500E-06,+61.53763499E-03
+9.53000E-06,+38.41516347E-03
+9.55500E-06,+40.94568052E-03
+9.58000E-06,+69.53645438E-03
+9.60500E-06,+56.96754234E-03
+9.63000E-06,+60.69688326E-03
+9.65500E-06,+55.51359720E-03
+9.68000E-06,+83.07895231E-03
+9.70500E-06,+18.39160091E-03
+9.73000E-06,+81.51211865E-03
+9.75500E-06,+107.97054979E-03
+9.78000E-06,+69.46843767E-03
+9.80500E-06,+38.10099048E-03
+9.83000E-06,+65.47881914E-03
+9.85500E-06,+34.25765945E-03
+9.88000E-06,+60.44354327E-03
+9.90500E-06,+54.04028066E-03
+9.93000E-06,+53.42673569E-03
+9.95500E-06,+56.25815990E-03
+9.98000E-06,+49.80223238E-03
+10.00500E-06,+40.07775257E-03
+10.03000E-06,+74.95520905E-03
+10.05500E-06,+81.72419626E-03
+10.08000E-06,+71.56449855E-03
+10.10500E-06,+57.81012222E-03
+10.13000E-06,+77.69578805E-03
+10.15500E-06,+47.32651308E-03
+10.18000E-06,+58.07767729E-03
+10.20500E-06,+92.61903464E-03
+10.23000E-06,+75.40197011E-03
+10.25500E-06,+94.13176196E-03
+10.28000E-06,+34.48606154E-03
+10.30500E-06,+65.38764581E-03
+10.33000E-06,+48.00216842E-03
+10.35500E-06,+82.12712849E-03
+10.38000E-06,+74.58496094E-03
+10.40500E-06,+45.24976502E-03
+10.43000E-06,+59.53526701E-03
+10.45500E-06,+84.33421459E-03
+10.48000E-06,+95.42907179E-03
+10.50500E-06,+82.81024879E-03
+10.53000E-06,+94.35421083E-03
+10.55500E-06,+47.92912429E-03
+10.58000E-06,+34.54173821E-03
+10.60500E-06,+30.21890343E-03
+10.63000E-06,+76.35996981E-03
+10.65500E-06,+52.52188137E-03
+10.68000E-06,+72.57048730E-03
+10.70500E-06,+70.28664216E-03
+10.73000E-06,+92.08992461E-03
+10.75500E-06,+43.56321068E-03
+10.78000E-06,+60.90910150E-03
+10.80500E-06,+33.54879264E-03
+10.83000E-06,+76.16810736E-03
+10.85500E-06,+47.44864785E-03
+10.88000E-06,+53.66869659E-03
+10.90500E-06,+68.05798151E-03
+10.93000E-06,+62.27624447E-03
+10.95500E-06,+28.65589013E-03
+10.98000E-06,+62.91005148E-03
+11.00500E-06,+44.58473875E-03
+11.03000E-06,+80.20447272E-03
+11.05500E-06,+71.62490967E-03
+11.08000E-06,+27.15373329E-03
+11.10500E-06,+87.52286716E-03
+11.13000E-06,+51.66649268E-03
+11.15500E-06,+85.66815780E-03
+11.18000E-06,+72.95123558E-03
+11.20500E-06,+31.81843292E-03
+11.23000E-06,+7.51184481E-03
+11.25500E-06,+67.06271559E-03
+11.28000E-06,+73.96682214E-03
+11.30500E-06,+41.30999885E-03
+11.33000E-06,+71.48306365E-03
+11.35500E-06,+56.32588363E-03
+11.38000E-06,+46.05380131E-03
+11.40500E-06,+32.88516093E-03
+11.43000E-06,+10.30015503E-03
+11.45500E-06,+91.36529583E-03
+11.48000E-06,+89.56182166E-03
+11.50500E-06,+45.66159191E-03
+11.53000E-06,+60.75342713E-03
+11.55500E-06,+57.56831367E-03
+11.58000E-06,+73.34104260E-03
+11.60500E-06,+61.91260583E-03
+11.63000E-06,+59.00453978E-03
+11.65500E-06,+69.87002222E-03
+11.68000E-06,+16.02172706E-03
+11.70500E-06,+66.14136100E-03
+11.73000E-06,+34.23822945E-03
+11.75500E-06,+47.54395797E-03
+11.78000E-06,+42.48366216E-03
+11.80500E-06,+61.41977763E-03
+11.83000E-06,+80.32542388E-03
+11.85500E-06,+53.95488476E-03
+11.88000E-06,+55.14614992E-03
+11.90500E-06,+45.99111672E-03
+11.93000E-06,+49.40094080E-03
+11.95500E-06,+56.76982043E-03
+11.98000E-06,+73.36869929E-03
+12.00500E-06,+82.43621546E-03
+12.03000E-06,+49.85537777E-03
+12.05500E-06,+53.25143210E-03
+12.08000E-06,+13.87010669E-03
+12.10500E-06,+74.10117976E-03
+12.13000E-06,+43.63539934E-03
+12.15500E-06,+77.19660819E-03
+12.18000E-06,+50.76888066E-03
+12.20500E-06,+37.25395739E-03
+12.23000E-06,+65.10821947E-03
+12.25500E-06,+44.85167270E-03
+12.28000E-06,+31.83195658E-03
+12.30500E-06,+77.58197373E-03
+12.33000E-06,+46.15797095E-03
+12.35500E-06,-11.19984131E-03
+12.38000E-06,+64.90659514E-03
+12.40500E-06,+31.65853974E-03
+12.43000E-06,+43.19155630E-03
+12.45500E-06,+63.69513826E-03
+12.48000E-06,+67.98392954E-03
+12.50500E-06,+30.49720475E-03
+12.53000E-06,+67.27555492E-03
+12.55500E-06,+55.74253836E-03
+12.58000E-06,+64.06952316E-03
+12.60500E-06,+45.51214030E-03
+12.63000E-06,+53.75902616E-03
+12.65500E-06,+75.59559039E-03
+12.68000E-06,+67.50470703E-03
+12.70500E-06,+16.19698376E-03
+12.73000E-06,+50.02285311E-03
+12.75500E-06,+74.52154977E-03
+12.78000E-06,+73.13780107E-03
+12.80500E-06,+11.70315795E-03
+12.83000E-06,+36.75108607E-03
+12.85500E-06,+20.62383584E-03
+12.88000E-06,+65.13136437E-03
+12.90500E-06,+54.20397078E-03
+12.93000E-06,+53.80308936E-03
+12.95500E-06,+63.51096344E-03
+12.98000E-06,+40.73004035E-03
+13.00500E-06,+30.51518160E-03
+13.03000E-06,+60.13894464E-03
+13.05500E-06,+69.84413509E-03
+13.08000E-06,+62.00811517E-03
+13.10500E-06,-14.16013867E-03
+13.13000E-06,+63.67567311E-03
+13.15500E-06,+44.70825635E-03
+13.18000E-06,+48.01290297E-03
+13.20500E-06,+61.15722656E-03
+13.23000E-06,+39.82633449E-03
+13.25500E-06,+27.37085005E-03
+13.28000E-06,+78.54661808E-03
+13.30500E-06,+25.42020946E-03
+13.33000E-06,+36.68938586E-03
+13.35500E-06,+16.42119047E-03
+13.38000E-06,+51.62554671E-03
+13.40500E-06,+63.67713797E-03
+13.43000E-06,+3.71705361E-03
+13.45500E-06,+48.06420848E-03
+13.48000E-06,+60.57328362E-03
+13.50500E-06,+55.57993811E-03
+13.53000E-06,+39.72962981E-03
+13.55500E-06,+73.75770942E-03
+13.58000E-06,+27.40843267E-03
+13.60500E-06,+34.96490905E-03
+13.63000E-06,+60.84073322E-03
+13.65500E-06,+20.72595467E-03
+13.68000E-06,+76.54920721E-03
+13.70500E-06,+45.42876006E-03
+13.73000E-06,+23.16153660E-03
+13.75500E-06,+72.39404698E-03
+13.78000E-06,+23.86139155E-03
+13.80500E-06,+60.17240222E-03
+13.83000E-06,+81.60652641E-03
+13.85500E-06,+40.66774248E-03
+13.88000E-06,+55.87608738E-03
+13.90500E-06,+19.95317276E-03
+13.93000E-06,+94.67815743E-03
+13.95500E-06,+88.07144235E-03
+13.98000E-06,+39.98707143E-03
+14.00500E-06,+35.87084151E-03
+14.03000E-06,+35.47082729E-03
+14.05500E-06,+19.10371386E-03
+14.08000E-06,+37.31748575E-03
+14.10500E-06,+7.66633555E-03
+14.13000E-06,+43.31505045E-03
+14.15500E-06,+39.56759207E-03
+14.18000E-06,+74.59574236E-03
+14.20500E-06,+74.80637854E-03
+14.23000E-06,+44.70295938E-03
+14.25500E-06,+32.10433984E-03
+14.28000E-06,+57.66945982E-03
+14.30500E-06,+38.40714772E-03
+14.33000E-06,+28.88845244E-03
+14.35500E-06,+59.06711890E-03
+14.38000E-06,+34.14794676E-03
+14.40500E-06,+30.21769638E-03
+14.43000E-06,+49.24718835E-03
+14.45500E-06,+26.79608304E-03
+14.48000E-06,+47.76436774E-03
+14.50500E-06,+32.08178088E-03
+14.53000E-06,+60.45314108E-03
+14.55500E-06,+81.72990338E-03
+14.58000E-06,+8.16715606E-03
+14.60500E-06,+9.55177196E-03
+14.63000E-06,+69.15060836E-03
+14.65500E-06,+34.15367732E-03
+14.68000E-06,+56.10779421E-03
+14.70500E-06,+33.68223618E-03
+14.73000E-06,+28.30972444E-03
+14.75500E-06,+12.01980365E-03
+14.78000E-06,+40.79040460E-03
+14.80500E-06,+93.62401556E-03
+14.83000E-06,+49.66229655E-03
+14.85500E-06,+78.97682027E-03
+14.88000E-06,+60.60624900E-03
+14.90500E-06,+35.18152189E-03
+14.93000E-06,+86.30757819E-03
+14.95500E-06,+59.70069154E-03
+14.98000E-06,+66.95187787E-03
+15.00500E-06,+16.56947019E-03
+15.03000E-06,+18.60506136E-03
+15.05500E-06,+34.19238497E-03
+15.08000E-06,+35.06941853E-03
+15.10500E-06,+88.77043009E-03
+15.13000E-06,+57.69818293E-03
+15.15500E-06,+44.62883711E-03
+15.18000E-06,+58.44656600E-03
+15.20500E-06,+42.99375236E-03
+15.23000E-06,+15.28277772E-03
+15.25500E-06,+74.05803062E-03
+15.28000E-06,+54.17346639E-03
+15.30500E-06,+38.23722312E-03
+15.33000E-06,+53.05789384E-03
+15.35500E-06,+50.16884762E-03
+15.38000E-06,+68.40369016E-03
+15.40500E-06,+36.59518903E-03
+15.43000E-06,+64.99763957E-03
+15.45500E-06,+53.69519311E-03
+15.48000E-06,+24.27758961E-03
+15.50500E-06,+21.74463502E-03
+15.53000E-06,+35.31413338E-03
+15.55500E-06,+57.88165462E-03
+15.58000E-06,+76.98537435E-03
+15.60500E-06,+43.97665480E-03
+15.63000E-06,+102.03149774E-03
+15.65500E-06,+59.37529181E-03
+15.68000E-06,+59.79140784E-03
+15.70500E-06,+23.14125112E-03
+15.73000E-06,+56.33595020E-03
+15.75500E-06,+48.93995296E-03
+15.78000E-06,+50.75563826E-03
+15.80500E-06,+33.03954621E-03
+15.83000E-06,+54.19920117E-03
+15.85500E-06,+947.30617E-06
+15.88000E-06,+49.48292649E-03
+15.90500E-06,+120.59223220E-03
+15.93000E-06,+75.32873846E-03
+15.95500E-06,+35.15897465E-03
+15.98000E-06,+32.79058911E-03
+16.00500E-06,+51.76318563E-03
+16.03000E-06,+103.87976169E-03
+16.05500E-06,+40.84038587E-03
+16.08000E-06,+55.04569518E-03
+16.10500E-06,+65.16408364E-03
+16.13000E-06,+47.17678022E-03
+16.15500E-06,+22.73541260E-03
+16.18000E-06,+76.11626279E-03
+16.20500E-06,+52.18110637E-03
+16.23000E-06,+60.35057694E-03
+16.25500E-06,+63.54904999E-03
+16.28000E-06,+60.06253718E-03
+16.30500E-06,+67.65828371E-03
+16.33000E-06,+10.29338149E-03
+16.35500E-06,+57.73687887E-03
+16.38000E-06,+57.35267351E-03
+16.40500E-06,+43.88309080E-03
+16.43000E-06,+47.00883612E-03
+16.45500E-06,+70.82379139E-03
+16.48000E-06,+51.02863091E-03
+16.50500E-06,+54.64470830E-03
+16.53000E-06,+43.84161748E-03
+16.55500E-06,+28.52561071E-03
+16.58000E-06,+41.22038414E-03
+16.60500E-06,+52.18704788E-03
+16.63000E-06,+42.05177243E-03
+16.65500E-06,+65.05588269E-03
+16.68000E-06,+60.35247541E-03
+16.70500E-06,+66.53907829E-03
+16.73000E-06,+44.82810592E-03
+16.75500E-06,+41.25343154E-03
+16.78000E-06,+61.46345411E-03
+16.80500E-06,+46.40398660E-03
+16.83000E-06,+69.65233123E-03
+16.85500E-06,+31.01979905E-03
+16.88000E-06,+51.62483186E-03
+16.90500E-06,+72.83676500E-03
+16.93000E-06,+5.28782484E-03
+16.95500E-06,+43.04613601E-03
+16.98000E-06,+61.43899670E-03
+17.00500E-06,+46.08810264E-03
+17.03000E-06,+60.42792193E-03
+17.05500E-06,+27.38686983E-03
+17.08000E-06,+12.25134641E-03
+17.10500E-06,+58.85710383E-03
+17.13000E-06,+40.81115884E-03
+17.15500E-06,+47.49397670E-03
+17.18000E-06,+80.87649520E-03
+17.20500E-06,+45.19548289E-03
+17.23000E-06,+94.96708784E-03
+17.25500E-06,+44.63415750E-03
+17.28000E-06,+48.96042595E-03
+17.30500E-06,+58.82017745E-03
+17.33000E-06,+56.22627266E-03
+17.35500E-06,+95.12105124E-03
+17.38000E-06,+45.59932919E-03
+17.40500E-06,+52.22880246E-03
+17.43000E-06,+62.13237107E-03
+17.45500E-06,+60.15203469E-03
+17.48000E-06,+74.95395512E-03
+17.50500E-06,+20.35317526E-03
+17.53000E-06,+53.96670916E-03
+17.55500E-06,+43.69441591E-03
+17.58000E-06,+25.64945532E-03
+17.60500E-06,+70.54095483E-03
+17.63000E-06,+67.41665093E-03
+17.65500E-06,+44.87324727E-03
+17.68000E-06,+58.18163598E-03
+17.70500E-06,+26.56519653E-03
+17.73000E-06,+51.14162489E-03
+17.75500E-06,+51.49790404E-03
+17.78000E-06,+74.27011996E-03
+17.80500E-06,+31.62899630E-03
+17.83000E-06,+46.27023836E-03
+17.85500E-06,+74.37180518E-03
+17.88000E-06,+71.09902235E-03
+17.90500E-06,+29.30413489E-03
+17.93000E-06,+34.33207470E-03
+17.95500E-06,+62.79552230E-03
+17.98000E-06,-25.66920173E-03
+18.00500E-06,+32.92682175E-03
+18.03000E-06,+71.07382664E-03
+18.05500E-06,+30.20684464E-03
+18.08000E-06,+50.51525941E-03
+18.10500E-06,+83.16375054E-03
+18.13000E-06,+78.14366241E-03
+18.15500E-06,-584.49411957E-03
+18.18000E-06,-5.19592431652E+00
+18.20500E-06,-6.94792530158E+00
+18.23000E-06,-6.29763843600E+00
+18.25500E-06,-4.79185417939E+00
+18.28000E-06,-3.73043530999E+00
+18.30500E-06,-3.42851710040E+00
+18.33000E-06,-3.16501901725E+00
+18.35500E-06,-2.32228591630E+00
+18.38000E-06,-1.21691811325E+00
+18.40500E-06,-510.38290244E-03
+18.43000E-06,-261.76618240E-03
+18.45500E-06,-94.72879495E-03
+18.48000E-06,-26.16607295E-03
+18.50500E-06,+7.41931207E-03
+18.53000E-06,+33.56379288E-03
+18.55500E-06,+13.77760912E-03
+18.58000E-06,+8.15183942E-03
+18.60500E-06,+11.40316487E-03
+18.63000E-06,+27.50487953E-03
+18.65500E-06,+15.28198083E-03
+18.68000E-06,-17.72806295E-03
+18.70500E-06,+2.29548791E-03
+18.73000E-06,-6.84479116E-03
+18.75500E-06,+8.37567112E-03
+18.78000E-06,+17.44467560E-03
+18.80500E-06,+49.43887500E-03
+18.83000E-06,+5.00842193E-03
+18.85500E-06,+5.57135281E-03
+18.88000E-06,-4.04572293E-03
+18.90500E-06,+11.15676249E-03
+18.93000E-06,-14.67055700E-03
+18.95500E-06,+11.86621525E-03
+18.98000E-06,+19.20088730E-03
+19.00500E-06,+15.55240704E-03
+19.03000E-06,+5.36002522E-03
+19.05500E-06,+42.32364007E-03
+19.08000E-06,+2.69894748E-03
+19.10500E-06,-846.91003E-06
+19.13000E-06,-4.56003194E-03
+19.15500E-06,+10.98672071E-03
+19.18000E-06,+4.43564714E-03
+19.20500E-06,-24.23480377E-03
+19.23000E-06,+3.30908224E-03
+19.25500E-06,+21.05280755E-03
+19.28000E-06,-29.50667328E-03
+19.30500E-06,-4.48928471E-03
+19.33000E-06,+27.04397371E-03
+19.35500E-06,-22.10412515E-03
+19.38000E-06,-35.63506821E-03
+19.40500E-06,+22.54822601E-03
+19.43000E-06,+30.49862275E-03
+19.45500E-06,+10.79144805E-03
+19.48000E-06,+25.47050714E-03
+19.50500E-06,-19.61919476E-03
+19.53000E-06,+31.14234398E-03
+19.55500E-06,-26.00823058E-03
+19.58000E-06,+1.29733911E-03
+19.60500E-06,+42.58640208E-03
+19.63000E-06,-6.40530756E-03
+19.65500E-06,-17.33759966E-03
+19.68000E-06,+10.50238874E-03
+19.70500E-06,+37.70326146E-03
+19.73000E-06,+5.19474132E-03
+19.75500E-06,+19.84614371E-03
+19.78000E-06,-39.88613622E-03
+19.80500E-06,+9.11636657E-03
+19.83000E-06,+13.83545379E-03
+19.85500E-06,+14.35258706E-03
+19.88000E-06,-35.01926148E-03
+19.90500E-06,+10.94912636E-03
+19.93000E-06,+20.67589137E-03
+19.95500E-06,-4.10941537E-03
+19.98000E-06,+28.31193932E-03
+20.00500E-06,-23.40709522E-03
+20.03000E-06,+18.28525154E-03
+20.05500E-06,-9.51853707E-03
+20.08000E-06,+55.87389593E-03
+20.10500E-06,-3.44910011E-03
+20.13000E-06,+37.28764934E-03
+20.15500E-06,+29.63322608E-03
+20.18000E-06,-10.37908208E-03
+20.20500E-06,+14.48734313E-03
+20.23000E-06,+99.87464E-06
+20.25500E-06,+27.84086147E-03
+20.28000E-06,+35.59175501E-03
+20.30500E-06,-7.13478799E-03
+20.33000E-06,-27.54874351E-03
+20.35500E-06,+45.61769277E-03
+20.38000E-06,+12.78583544E-03
+20.40500E-06,+55.19300222E-03
+20.43000E-06,+12.31043330E-03
+20.45500E-06,+15.35906801E-03
+20.48000E-06,-80.26886E-06
+20.50500E-06,+37.75002002E-03
+20.53000E-06,+1.94104864E-03
+20.55500E-06,+17.46303918E-03
+20.58000E-06,+55.43454125E-03
+20.60500E-06,-16.15110412E-03
+20.63000E-06,+18.80336922E-03
+20.65500E-06,+51.58154211E-03
+20.68000E-06,+20.21611057E-03
+20.70500E-06,+61.67754738E-03
+20.73000E-06,+3.73020226E-03
+20.75500E-06,+5.78627813E-03
+20.78000E-06,+8.08910794E-03
+20.80500E-06,+18.00230952E-03
+20.83000E-06,+64.73798308E-03
+20.85500E-06,-9.19174277E-03
+20.88000E-06,+36.82717713E-03
+20.90500E-06,+21.69777099E-03
+20.93000E-06,-23.42318532E-03
+20.95500E-06,+39.67492581E-03
+20.98000E-06,+42.05082320E-03
+21.00500E-06,+23.85174686E-03
+21.03000E-06,-2.37544621E-03
+21.05500E-06,+53.05462426E-03
+21.08000E-06,+6.64456140E-03
+21.10500E-06,-6.40700681E-03
+21.13000E-06,-7.50339545E-03
+21.15500E-06,+32.43198961E-03
+21.18000E-06,-11.98383823E-03
+21.20500E-06,+36.17777220E-03
+21.23000E-06,+37.97648848E-03
+21.25500E-06,
