x-axis,2
second,Volt
-9.2400000E-06,+14.5065955072641E+00
-9.2392600E-06,+14.5065955072641E+00
-9.2385200E-06,+14.5065955072641E+00
-9.2377800E-06,+14.5065955072641E+00
-9.2370400E-06,+14.5065955072641E+00
-9.2363000E-06,+14.5065955072641E+00
-9.2355600E-06,+14.5065955072641E+00
-9.2348200E-06,+14.5065955072641E+00
-9.2340800E-06,+14.5065955072641E+00
-9.2333400E-06,+14.5065955072641E+00
-9.2326000E-06,+14.4462939992576E+00
-9.2318600E-06,+14.3055904805660E+00
-9.2311200E-06,+14.3055904805660E+00
-9.2303800E-06,+14.3055904805660E+00
-9.2296400E-06,+14.3055904805660E+00
-9.2289000E-06,+14.4462939992502E+00
-9.2281600E-06,+14.5065955072641E+00
-9.2274200E-06,+14.5065955072641E+00
-9.2266800E-06,+14.5065955072641E+00
-9.2259400E-06,+14.5065955072641E+00
-9.2252000E-06,+14.5065955072641E+00
-9.2244600E-06,+14.5065955072641E+00
-9.2237200E-06,+14.5065955072641E+00
-9.2229800E-06,+14.5065955072641E+00
-9.2222400E-06,+14.5065955072641E+00
-9.2215000E-06,+14.5065955072641E+00
-9.2207600E-06,+14.5065955072641E+00
-9.2200200E-06,+14.5065955072641E+00
-9.2192800E-06,+14.5065955072641E+00
-9.2185400E-06,+14.5910176184687E+00
-9.2178000E-06,+14.7076005339622E+00
-9.2170600E-06,+14.6312186238262E+00
-9.2163200E-06,+14.5065955072641E+00
-9.2155800E-06,+14.5065955072641E+00
-9.2148400E-06,+14.5065955072641E+00
-9.2141000E-06,+14.5065955072641E+00
-9.2133600E-06,+14.5065955072641E+00
-9.2126200E-06,+14.4543342003337E+00
-9.2118800E-06,+14.3055904805660E+00
-9.2111400E-06,+14.3055904805660E+00
-9.2104000E-06,+14.3055904805660E+00
-9.2096600E-06,+14.3417713853594E+00
-9.2089200E-06,+14.5065955072641E+00
-9.2081800E-06,+14.5065955072641E+00
-9.2074400E-06,+14.5065955072641E+00
-9.2067000E-06,+14.5065955072641E+00
-9.2059600E-06,+14.5065955072641E+00
-9.2052200E-06,+14.5065955072641E+00
-9.2044800E-06,+14.5065955072641E+00
-9.2037400E-06,+14.5065955072641E+00
-9.2030000E-06,+14.5065955072641E+00
-9.2022600E-06,+14.5065955072641E+00
-9.2015200E-06,+14.5065955072641E+00
-9.2007800E-06,+14.5065955072641E+00
-9.2000400E-06,+14.5065955072641E+00
-9.1993000E-06,+14.5065955072641E+00
-9.1985600E-06,+14.5065955072641E+00
-9.1978200E-06,+14.5065955072641E+00
-9.1970800E-06,+14.5065955072641E+00
-9.1963400E-06,+14.5065955072641E+00
-9.1956000E-06,+14.5065955072641E+00
-9.1948600E-06,+14.5065955072641E+00
-9.1941200E-06,+14.5065955072641E+00
-9.1933800E-06,+14.5065955072641E+00
-9.1926400E-06,+14.5065955072641E+00
-9.1919000E-06,+14.5065955072641E+00
-9.1911600E-06,+14.5065955072641E+00
-9.1904200E-06,+14.5065955072641E+00
-9.1896800E-06,+14.5065955072641E+00
-9.1889400E-06,+14.5065955072641E+00
-9.1882000E-06,+14.5065955072641E+00
-9.1874600E-06,+14.5065955072641E+00
-9.1867200E-06,+14.5065955072641E+00
-9.1859800E-06,+14.5065955072641E+00
-9.1852400E-06,+14.5065955072641E+00
-9.1845000E-06,+14.5065955072641E+00
-9.1837600E-06,+14.5065955072641E+00
-9.1830200E-06,+14.5065955072641E+00
-9.1822800E-06,+14.5065955072641E+00
-9.1815400E-06,+14.5065955072641E+00
-9.1808000E-06,+14.5065955072641E+00
-9.1800600E-06,+14.5829774173851E+00
-9.1793200E-06,+14.7076005339622E+00
-9.1785800E-06,+14.7076005339622E+00
-9.1778400E-06,+14.5427764120950E+00
-9.1771000E-06,+14.5065955072641E+00
-9.1763600E-06,+14.5065955072641E+00
-9.1756200E-06,+14.5065955072641E+00
-9.1748800E-06,+14.5065955072641E+00
-9.1741400E-06,+14.4623744014173E+00
-9.1734000E-06,+14.3055904805660E+00
-9.1726600E-06,+14.3417713853444E+00
-9.1719200E-06,+14.5065955072641E+00
-9.1711800E-06,+14.5065955072641E+00
-9.1704400E-06,+14.5065955072641E+00
-9.1697000E-06,+14.5065955072641E+00
-9.1689600E-06,+14.5065955072641E+00
-9.1682200E-06,+14.5065955072641E+00
-9.1674800E-06,+14.5065955072641E+00
-9.1667400E-06,+14.5065955072641E+00
-9.1660000E-06,+14.5065955072641E+00
-9.1652600E-06,+14.5065955072641E+00
-9.1645200E-06,+14.5065955072641E+00
-9.1637800E-06,+14.5065955072641E+00
-9.1630400E-06,+14.5065955072641E+00
-9.1623000E-06,+14.5065955072641E+00
-9.1615600E-06,+14.5065955072641E+00
-9.1608200E-06,+14.5065955072641E+00
-9.1600800E-06,+14.5065955072641E+00
-9.1593400E-06,+14.5065955072641E+00
-9.1586000E-06,+14.5065955072641E+00
-9.1578600E-06,+14.5065955072641E+00
-9.1571200E-06,+14.5065955072641E+00
-9.1563800E-06,+14.5065955072641E+00
-9.1556400E-06,+14.5065955072641E+00
-9.1549000E-06,+14.5065955072641E+00
-9.1541600E-06,+14.5065955072641E+00
-9.1534200E-06,+14.5065955072641E+00
-9.1526800E-06,+14.5065955072641E+00
-9.1519400E-06,+14.5065955072641E+00
-9.1512000E-06,+14.5065955072641E+00
-9.1504600E-06,+14.5065955072641E+00
-9.1497200E-06,+14.5065955072641E+00
-9.1489800E-06,+14.5065955072641E+00
-9.1482400E-06,+14.5065955072641E+00
-9.1475000E-06,+14.5065955072641E+00
-9.1467600E-06,+14.5065955072641E+00
-9.1460200E-06,+14.5065955072641E+00
-9.1452800E-06,+14.5065955072641E+00
-9.1445400E-06,+14.3055904805660E+00
-9.1438000E-06,+14.3055904805660E+00
-9.1430600E-06,+14.3055904805660E+00
-9.1423200E-06,+14.3055904805660E+00
-9.1415800E-06,+14.5065955072641E+00
-9.1408400E-06,+14.5065955072641E+00
-9.1401000E-06,+14.5065955072641E+00
-9.1393600E-06,+14.5065955072641E+00
-9.1386200E-06,+14.5065955072641E+00
-9.1378800E-06,+14.5065955072641E+00
-9.1371400E-06,+14.5065955072641E+00
-9.1364000E-06,+14.5065955072641E+00
-9.1356600E-06,+14.5065955072641E+00
-9.1349200E-06,+14.5065955072641E+00
-9.1341800E-06,+14.5065955072641E+00
-9.1334400E-06,+14.5065955072641E+00
-9.1327000E-06,+14.5065955072641E+00
-9.1319600E-06,+14.5065955072641E+00
-9.1312200E-06,+14.5065955072641E+00
-9.1304800E-06,+14.5065955072641E+00
-9.1297400E-06,+14.5106156077533E+00
-9.1290000E-06,+14.7076005339622E+00
-9.1282600E-06,+14.7076005339622E+00
-9.1275200E-06,+14.6151382217268E+00
-9.1267800E-06,+14.5065955072641E+00
-9.1260400E-06,+14.5065955072641E+00
-9.1253000E-06,+14.6875000312458E+00
-9.1245600E-06,+14.6312186238639E+00
-9.1238200E-06,+14.5065955072641E+00
-9.1230800E-06,+14.5065955072641E+00
-9.1223400E-06,+14.5065955072641E+00
-9.1216000E-06,+14.5065955072641E+00
-9.1208600E-06,+14.5065955072641E+00
-9.1201200E-06,+14.5065955072641E+00
-9.1193800E-06,+14.5065955072641E+00
-9.1186400E-06,+14.5065955072641E+00
-9.1179000E-06,+14.5065955072641E+00
-9.1171600E-06,+14.5065955072641E+00
-9.1164200E-06,+14.5065955072641E+00
-9.1156800E-06,+14.5065955072641E+00
-9.1149400E-06,+14.5065955072641E+00
-9.1142000E-06,+14.5065955072641E+00
-9.1134600E-06,+14.5065955072641E+00
-9.1127200E-06,+14.3055904805660E+00
-9.1119800E-06,+14.3055904805660E+00
-9.1112400E-06,+14.3096105810477E+00
-9.1105000E-06,+14.5065955072641E+00
-9.1097600E-06,+14.5065955072641E+00
-9.1090200E-06,+14.5065955072641E+00
-9.1082800E-06,+14.5065955072641E+00
-9.1075400E-06,+14.5065955072641E+00
-9.1068000E-06,+14.5065955072641E+00
-9.1060600E-06,+14.5065955072641E+00
-9.1053200E-06,+14.5065955072641E+00
-9.1045800E-06,+14.5065955072641E+00
-9.1038400E-06,+14.5065955072641E+00
-9.1031000E-06,+14.5065955072641E+00
-9.1023600E-06,+14.5065955072641E+00
-9.1016200E-06,+14.5065955072641E+00
-9.1008800E-06,+14.5065955072641E+00
-9.1001400E-06,+14.4623744014474E+00
-9.0994000E-06,+14.3055904805660E+00
-9.0986600E-06,+14.3055904805660E+00
-9.0979200E-06,+14.3055904805660E+00
-9.0971800E-06,+14.5065955072641E+00
-9.0964400E-06,+14.5065955072641E+00
-9.0957000E-06,+14.5065955072641E+00
-9.0949600E-06,+14.5065955072641E+00
-9.0942200E-06,+14.5065955072641E+00
-9.0934800E-06,+14.5065955072641E+00
-9.0927400E-06,+14.5065955072641E+00
-9.0920000E-06,+14.5065955072641E+00
-9.0912600E-06,+14.5065955072641E+00
-9.0905200E-06,+14.5065955072641E+00
-9.0897800E-06,+14.5065955072641E+00
-9.0890400E-06,+14.5065955072641E+00
-9.0883000E-06,+14.5065955072641E+00
-9.0875600E-06,+14.5065955072641E+00
-9.0868200E-06,+14.5065955072641E+00
-9.0860800E-06,+14.5065955072641E+00
-9.0853400E-06,+14.5065955072641E+00
-9.0846000E-06,+14.5065955072641E+00
-9.0838600E-06,+14.5065955072641E+00
-9.0831200E-06,+14.5065955072641E+00
-9.0823800E-06,+14.5065955072641E+00
-9.0816400E-06,+14.5065955072641E+00
-9.0809000E-06,+14.5065955072641E+00
-9.0801600E-06,+14.5065955072641E+00
-9.0794200E-06,+14.5065955072641E+00
-9.0786800E-06,+14.5065955072641E+00
-9.0779400E-06,+14.5065955072641E+00
-9.0772000E-06,+14.5065955072641E+00
-9.0764600E-06,+14.5065955072641E+00
-9.0757200E-06,+14.5065955072641E+00
-9.0749800E-06,+14.5065955072641E+00
-9.0742400E-06,+14.5065955072641E+00
-9.0735000E-06,+14.5065955072641E+00
-9.0727600E-06,+14.5065955072641E+00
-9.0720200E-06,+14.5065955072641E+00
-9.0712800E-06,+14.5065955072641E+00
-9.0705400E-06,+14.5065955072641E+00
-9.0698000E-06,+14.5065955072641E+00
-9.0690600E-06,+14.5065955072641E+00
-9.0683200E-06,+14.5065955072641E+00
-9.0675800E-06,+14.5065955072641E+00
-9.0668400E-06,+14.5065955072641E+00
-9.0661000E-06,+14.5065955072641E+00
-9.0653600E-06,+14.5065955072641E+00
-9.0646200E-06,+14.5065955072641E+00
-9.0638800E-06,+14.5065955072641E+00
-9.0631400E-06,+14.5065955072641E+00
-9.0624000E-06,+14.5065955072641E+00
-9.0616600E-06,+14.5065955072641E+00
-9.0609200E-06,+14.5065955072641E+00
-9.0601800E-06,+14.5065955072641E+00
-9.0594400E-06,+14.5065955072641E+00
-9.0587000E-06,+14.7076005339622E+00
-9.0579600E-06,+14.5910176185514E+00
-9.0572200E-06,+14.5065955072641E+00
-9.0564800E-06,+14.5065955072641E+00
-9.0557400E-06,+14.7076005339622E+00
-9.0550000E-06,+14.7076005339622E+00
-9.0542600E-06,+14.5106156078736E+00
-9.0535200E-06,+14.5065955072641E+00
-9.0527800E-06,+14.5065955072641E+00
-9.0520400E-06,+14.5065955072641E+00
-9.0513000E-06,+14.5065955072641E+00
-9.0505600E-06,+14.5065955072641E+00
-9.0498200E-06,+14.5065955072641E+00
-9.0490800E-06,+14.5065955072641E+00
-9.0483400E-06,+14.5065955072641E+00
-9.0476000E-06,+14.5065955072641E+00
-9.0468600E-06,+14.5065955072641E+00
-9.0461200E-06,+14.5065955072641E+00
-9.0453800E-06,+14.5065955072641E+00
-9.0446400E-06,+14.5065955072641E+00
-9.0439000E-06,+14.5065955072641E+00
-9.0431600E-06,+14.5065955072641E+00
-9.0424200E-06,+14.5065955072641E+00
-9.0416800E-06,+14.5065955072641E+00
-9.0409400E-06,+14.5065955072641E+00
-9.0402000E-06,+14.5065955072641E+00
-9.0394600E-06,+14.5065955072641E+00
-9.0387200E-06,+14.5065955072641E+00
-9.0379800E-06,+14.5065955072641E+00
-9.0372400E-06,+14.5065955072641E+00
-9.0365000E-06,+14.5065955072641E+00
-9.0357600E-06,+14.5065955072641E+00
-9.0350200E-06,+14.5065955072641E+00
-9.0342800E-06,+14.5065955072641E+00
-9.0335400E-06,+14.5065955072641E+00
-9.0328000E-06,+14.5065955072641E+00
-9.0320600E-06,+14.5065955072641E+00
-9.0313200E-06,+14.5065955072641E+00
-9.0305800E-06,+14.3055904805660E+00
-9.0298400E-06,+14.3055904805660E+00
-9.0291000E-06,+14.3055904805660E+00
-9.0283600E-06,+14.4623744013045E+00
-9.0276200E-06,+14.5065955072641E+00
-9.0268800E-06,+14.5065955072641E+00
-9.0261400E-06,+14.5065955072641E+00
-9.0254000E-06,+14.5065955072641E+00
-9.0246600E-06,+14.5065955072641E+00
-9.0239200E-06,+14.5065955072641E+00
-9.0231800E-06,+14.5065955072641E+00
-9.0224400E-06,+14.5065955072641E+00
-9.0217000E-06,+14.5065955072641E+00
-9.0209600E-06,+14.5065955072641E+00
-9.0202200E-06,+14.3055904805660E+00
-9.0194800E-06,+14.3055904805660E+00
-9.0187400E-06,+14.5065955072641E+00
-9.0180000E-06,+14.5065955072641E+00
-9.0172600E-06,+14.5065955072641E+00
-9.0165200E-06,+14.5065955072641E+00
-9.0157800E-06,+14.5065955072641E+00
-9.0150400E-06,+14.5065955072641E+00
-9.0143000E-06,+14.5065955072641E+00
-9.0135600E-06,+14.5065955072641E+00
-9.0128200E-06,+14.5065955072641E+00
-9.0120800E-06,+14.5065955072641E+00
-9.0113400E-06,+14.5065955072641E+00
-9.0106000E-06,+14.5065955072641E+00
-9.0098600E-06,+14.5065955072641E+00
-9.0091200E-06,+14.5065955072641E+00
-9.0083800E-06,+14.5065955072641E+00
-9.0076400E-06,+14.5065955072641E+00
-9.0069000E-06,+14.5065955072641E+00
-9.0061600E-06,+14.5065955072641E+00
-9.0054200E-06,+14.5065955072641E+00
-9.0046800E-06,+14.5347362109062E+00
-9.0039400E-06,+14.7076005339622E+00
-9.0032000E-06,+14.5065955072641E+00
-9.0024600E-06,+14.5065955072641E+00
-9.0017200E-06,+14.5065955072641E+00
-9.0009800E-06,+14.5065955072641E+00
-9.0002400E-06,+14.5065955072641E+00
-8.9995000E-06,+14.4060929940129E+00
-8.9987600E-06,+14.3055904805660E+00
-8.9980200E-06,+14.3055904805660E+00
-8.9972800E-06,+14.3055904805660E+00
-8.9965400E-06,+14.3055904805660E+00
-8.9958000E-06,+14.3055904805660E+00
-8.9950600E-06,+14.3055904805660E+00
-8.9943200E-06,+14.3055904805660E+00
-8.9935800E-06,+14.3055904805660E+00
-8.9928400E-06,+14.3055904805660E+00
-8.9921000E-06,+14.3055904805660E+00
-8.9913600E-06,+14.3055904805660E+00
-8.9906200E-06,+14.5065955072641E+00
-8.9898800E-06,+14.5065955072641E+00
-8.9891400E-06,+14.5065955072641E+00
-8.9884000E-06,+14.5065955072641E+00
-8.9876600E-06,+14.5065955072641E+00
-8.9869200E-06,+14.5065955072641E+00
-8.9861800E-06,+14.5065955072641E+00
-8.9854400E-06,+14.5065955072641E+00
-8.9847000E-06,+14.5065955072641E+00
-8.9839600E-06,+14.5065955072641E+00
-8.9832200E-06,+14.5065955072641E+00
-8.9824800E-06,+14.5065955072641E+00
-8.9817400E-06,+14.5065955072641E+00
-8.9810000E-06,+14.5065955072641E+00
-8.9802600E-06,+14.5065955072641E+00
-8.9795200E-06,+14.5065955072641E+00
-8.9787800E-06,+14.5065955072641E+00
-8.9780400E-06,+14.5065955072641E+00
-8.9773000E-06,+14.5065955072641E+00
-8.9765600E-06,+14.5065955072641E+00
-8.9758200E-06,+14.5065955072641E+00
-8.9750800E-06,+14.5065955072641E+00
-8.9743400E-06,+14.5065955072641E+00
-8.9736000E-06,+14.5065955072641E+00
-8.9728600E-06,+14.5065955072641E+00
-8.9721200E-06,+14.5065955072641E+00
-8.9713800E-06,+14.5065955072641E+00
-8.9706400E-06,+14.4623744015001E+00
-8.9699000E-06,+14.3055904805660E+00
-8.9691600E-06,+14.5065955072641E+00
-8.9684200E-06,+14.5065955072641E+00
-8.9676800E-06,+14.5065955072641E+00
-8.9669400E-06,+14.5065955072641E+00
-8.9662000E-06,+14.5065955072641E+00
-8.9654600E-06,+14.5065955072641E+00
-8.9647200E-06,+14.5065955072641E+00
-8.9639800E-06,+14.5065955072641E+00
-8.9632400E-06,+14.5065955072641E+00
-8.9625000E-06,+14.5065955072641E+00
-8.9617600E-06,+14.5065955072641E+00
-8.9610200E-06,+14.5065955072641E+00
-8.9602800E-06,+14.5065955072641E+00
-8.9595400E-06,+14.5065955072641E+00
-8.9588000E-06,+14.5065955072641E+00
-8.9580600E-06,+14.5065955072641E+00
-8.9573200E-06,+14.5065955072641E+00
-8.9565800E-06,+14.5065955072641E+00
-8.9558400E-06,+14.5065955072641E+00
-8.9551000E-06,+14.5065955072641E+00
-8.9543600E-06,+14.5065955072641E+00
-8.9536200E-06,+14.5065955072641E+00
-8.9528800E-06,+14.5065955072641E+00
-8.9521400E-06,+14.5065955072641E+00
-8.9514000E-06,+14.5065955072641E+00
-8.9506600E-06,+14.5065955072641E+00
-8.9499200E-06,+14.5065955072641E+00
-8.9491800E-06,+14.5065955072641E+00
-8.9484400E-06,+14.5065955072641E+00
-8.9477000E-06,+14.5065955072641E+00
-8.9469600E-06,+14.5065955072641E+00
-8.9462200E-06,+14.5065955072641E+00
-8.9454800E-06,+14.5065955072641E+00
-8.9447400E-06,+14.5065955072641E+00
-8.9440000E-06,+14.5065955072641E+00
-8.9432600E-06,+14.5065955072641E+00
-8.9425200E-06,+14.5065955072641E+00
-8.9417800E-06,+14.3176507822892E+00
-8.9410400E-06,+14.3900125916577E+00
-8.9403000E-06,+14.5065955072641E+00
-8.9395600E-06,+14.5065955072641E+00
-8.9388200E-06,+14.3337311844262E+00
-8.9380800E-06,+14.5065955072641E+00
-8.9373400E-06,+14.5065955072641E+00
-8.9366000E-06,+14.5065955072641E+00
-8.9358600E-06,+14.5065955072641E+00
-8.9351200E-06,+14.5065955072641E+00
-8.9343800E-06,+14.5065955072641E+00
-8.9336400E-06,+14.5065955072641E+00
-8.9329000E-06,+14.5065955072641E+00
-8.9321600E-06,+14.5065955072641E+00
-8.9314200E-06,+14.5065955072641E+00
-8.9306800E-06,+14.5347362108761E+00
-8.9299400E-06,+14.7076005339622E+00
-8.9292000E-06,+14.5065955072641E+00
-8.9284600E-06,+14.5065955072641E+00
-8.9277200E-06,+14.5065955072641E+00
-8.9269800E-06,+14.5065955072641E+00
-8.9262400E-06,+14.5065955072641E+00
-8.9255000E-06,+14.5065955072641E+00
-8.9247600E-06,+14.5065955072641E+00
-8.9240200E-06,+14.5065955072641E+00
-8.9232800E-06,+14.5065955072641E+00
-8.9225400E-06,+14.5065955072641E+00
-8.9218000E-06,+14.5065955072641E+00
-8.9210600E-06,+14.7076005339622E+00
-8.9203200E-06,+14.7076005339622E+00
-8.9195800E-06,+14.7076005339622E+00
-8.9188400E-06,+14.5427764122004E+00
-8.9181000E-06,+14.5065955072641E+00
-8.9173600E-06,+14.5065955072641E+00
-8.9166200E-06,+14.5065955072641E+00
-8.9158800E-06,+14.5065955072641E+00
-8.9151400E-06,+14.5065955072641E+00
-8.9144000E-06,+14.5065955072641E+00
-8.9136600E-06,+14.5065955072641E+00
-8.9129200E-06,+14.5065955072641E+00
-8.9121800E-06,+14.5065955072641E+00
-8.9114400E-06,+14.5065955072641E+00
-8.9107000E-06,+14.5065955072641E+00
-8.9099600E-06,+14.5065955072641E+00
-8.9092200E-06,+14.5065955072641E+00
-8.9084800E-06,+14.5065955072641E+00
-8.9077400E-06,+14.5065955072641E+00
-8.9070000E-06,+14.5065955072641E+00
-8.9062600E-06,+14.5065955072641E+00
-8.9055200E-06,+14.3055904805660E+00
-8.9047800E-06,+14.3055904805660E+00
-8.9040400E-06,+14.3900125916426E+00
-8.9033000E-06,+14.5065955072641E+00
-8.9025600E-06,+14.5065955072641E+00
-8.9018200E-06,+14.5065955072641E+00
-8.9010800E-06,+14.5065955072641E+00
-8.9003400E-06,+14.5065955072641E+00
-8.8996000E-06,+14.5065955072641E+00
-8.8988600E-06,+14.3498115865783E+00
-8.8981200E-06,+14.3055904805660E+00
-8.8973800E-06,+14.3055904805660E+00
-8.8966400E-06,+14.3055904805660E+00
-8.8959000E-06,+14.3055904805660E+00
-8.8951600E-06,+14.3055904805660E+00
-8.8944200E-06,+14.3055904805660E+00
-8.8936800E-06,+14.3055904805660E+00
-8.8929400E-06,+14.3055904805660E+00
-8.8922000E-06,+14.3055904805660E+00
-8.8914600E-06,+14.3055904805660E+00
-8.8907200E-06,+14.3055904805660E+00
-8.8899800E-06,+14.4141331948407E+00
-8.8892400E-06,+14.5065955072641E+00
-8.8885000E-06,+14.5065955072641E+00
-8.8877600E-06,+14.5065955072641E+00
-8.8870200E-06,+14.5065955072641E+00
-8.8862800E-06,+14.5065955072641E+00
-8.8855400E-06,+14.5065955072641E+00
-8.8848000E-06,+14.5065955072641E+00
-8.8840600E-06,+14.5065955072641E+00
-8.8833200E-06,+14.5065955072641E+00
-8.8825800E-06,+14.5065955072641E+00
-8.8818400E-06,+14.5065955072641E+00
-8.8811000E-06,+14.5065955072641E+00
-8.8803600E-06,+14.5065955072641E+00
-8.8796200E-06,+14.5065955072641E+00
-8.8788800E-06,+14.5065955072641E+00
-8.8781400E-06,+14.5065955072641E+00
-8.8774000E-06,+14.5065955072641E+00
-8.8766600E-06,+14.5065955072641E+00
-8.8759200E-06,+14.5065955072641E+00
-8.8751800E-06,+14.5065955072641E+00
-8.8744400E-06,+14.5065955072641E+00
-8.8737000E-06,+14.5065955072641E+00
-8.8729600E-06,+14.5065955072641E+00
-8.8722200E-06,+14.5065955072641E+00
-8.8714800E-06,+14.5065955072641E+00
-8.8707400E-06,+14.5065955072641E+00
-8.8700000E-06,+14.5065955072641E+00
-8.8692600E-06,+14.5065955072641E+00
-8.8685200E-06,+14.5065955072641E+00
-8.8677800E-06,+14.5065955072641E+00
-8.8670400E-06,+14.5065955072641E+00
-8.8663000E-06,+14.5065955072641E+00
-8.8655600E-06,+14.5065955072641E+00
-8.8648200E-06,+14.5065955072641E+00
-8.8640800E-06,+14.3055904805660E+00
-8.8633400E-06,+14.4704146023053E+00
-8.8626000E-06,+14.5065955072641E+00
-8.8618600E-06,+14.5065955072641E+00
-8.8611200E-06,+14.5065955072641E+00
-8.8603800E-06,+14.5065955072641E+00
-8.8596400E-06,+14.5065955072641E+00
-8.8589000E-06,+14.5065955072641E+00
-8.8581600E-06,+14.5065955072641E+00
-8.8574200E-06,+14.5065955072641E+00
-8.8566800E-06,+14.5065955072641E+00
-8.8559400E-06,+14.5065955072641E+00
-8.8552000E-06,+14.5065955072641E+00
-8.8544600E-06,+14.5065955072641E+00
-8.8537200E-06,+14.5065955072641E+00
-8.8529800E-06,+14.5065955072641E+00
-8.8522400E-06,+14.5065955072641E+00
-8.8515000E-06,+14.5065955072641E+00
-8.8507600E-06,+14.5065955072641E+00
-8.8500200E-06,+14.7076005339622E+00
-8.8492800E-06,+14.7076005339622E+00
-8.8485400E-06,+14.6231784229083E+00
-8.8478000E-06,+14.5065955072641E+00
-8.8470600E-06,+14.5065955072641E+00
-8.8463200E-06,+14.5065955072641E+00
-8.8455800E-06,+14.5065955072641E+00
-8.8448400E-06,+14.5065955072641E+00
-8.8441000E-06,+14.3658919884144E+00
-8.8433600E-06,+14.5065955072641E+00
-8.8426200E-06,+14.5065955072641E+00
-8.8418800E-06,+14.5065955072641E+00
-8.8411400E-06,+14.5065955072641E+00
-8.8404000E-06,+14.5065955072641E+00
-8.8396600E-06,+14.5065955072641E+00
-8.8389200E-06,+14.5065955072641E+00
-8.8381800E-06,+14.5065955072641E+00
-8.8374400E-06,+14.5065955072641E+00
-8.8367000E-06,+14.5065955072641E+00
-8.8359600E-06,+14.5065955072641E+00
-8.8352200E-06,+14.5065955072641E+00
-8.8344800E-06,+14.5065955072641E+00
-8.8337400E-06,+14.5065955072641E+00
-8.8330000E-06,+14.5065955072641E+00
-8.8322600E-06,+14.5065955072641E+00
-8.8315200E-06,+14.5990578193791E+00
-8.8307800E-06,+14.7076005339622E+00
-8.8300400E-06,+14.7076005339622E+00
-8.8293000E-06,+14.7076005339622E+00
-8.8285600E-06,+14.5065955072641E+00
-8.8278200E-06,+14.5065955072641E+00
-8.8270800E-06,+14.5065955072641E+00
-8.8263400E-06,+14.5065955072641E+00
-8.8256000E-06,+14.3055904805660E+00
-8.8248600E-06,+14.3055904805660E+00
-8.8241200E-06,+14.3055904805660E+00
-8.8233800E-06,+14.4543342001532E+00
-8.8226400E-06,+14.5065955072641E+00
-8.8219000E-06,+14.5065955072641E+00
-8.8211600E-06,+14.5065955072641E+00
-8.8204200E-06,+14.5065955072641E+00
-8.8196800E-06,+14.5065955072641E+00
-8.8189400E-06,+14.5065955072641E+00
-8.8182000E-06,+14.5065955072641E+00
-8.8174600E-06,+14.5065955072641E+00
-8.8167200E-06,+14.5065955072641E+00
-8.8159800E-06,+14.5065955072641E+00
-8.8152400E-06,+14.5065955072641E+00
-8.8145000E-06,+14.5065955072641E+00
-8.8137600E-06,+14.5065955072641E+00
-8.8130200E-06,+14.5065955072641E+00
-8.8122800E-06,+14.5065955072641E+00
-8.8115400E-06,+14.4221733962252E+00
-8.8108000E-06,+14.3055904805660E+00
-8.8100600E-06,+14.3055904805660E+00
-8.8093200E-06,+14.3055904805660E+00
-8.8085800E-06,+14.3055904805660E+00
-8.8078400E-06,+14.3055904805660E+00
-8.8071000E-06,+14.3055904805660E+00
-8.8063600E-06,+14.3055904805660E+00
-8.8056200E-06,+14.5065955072641E+00
-8.8048800E-06,+14.5065955072641E+00
-8.8041400E-06,+14.5065955072641E+00
-8.8034000E-06,+14.5065955072641E+00
-8.8026600E-06,+14.5065955072641E+00
-8.8019200E-06,+14.3739321898216E+00
-8.8011800E-06,+14.3055904805660E+00
-8.8004400E-06,+14.3055904805660E+00
-8.7997000E-06,+14.3055904805660E+00
-8.7989600E-06,+14.3055904805660E+00
-8.7982200E-06,+14.3055904805660E+00
-8.7974800E-06,+14.3055904805660E+00
-8.7967400E-06,+14.3055904805660E+00
-8.7960000E-06,+14.3055904805660E+00
-8.7952600E-06,+14.5025754065493E+00
-8.7945200E-06,+14.5065955072641E+00
-8.7937800E-06,+14.5065955072641E+00
-8.7930400E-06,+14.5065955072641E+00
-8.7923000E-06,+14.5065955072641E+00
-8.7915600E-06,+14.5065955072641E+00
-8.7908200E-06,+14.5065955072641E+00
-8.7900800E-06,+14.3055904805660E+00
-8.7893400E-06,+14.3055904805660E+00
-8.7886000E-06,+14.5065955072641E+00
-8.7878600E-06,+14.5065955072641E+00
-8.7871200E-06,+14.5065955072641E+00
-8.7863800E-06,+14.5065955072641E+00
-8.7856400E-06,+14.5065955072641E+00
-8.7849000E-06,+14.5065955072641E+00
-8.7841600E-06,+14.5065955072641E+00
-8.7834200E-06,+14.5065955072641E+00
-8.7826800E-06,+14.5065955072641E+00
-8.7819400E-06,+14.5065955072641E+00
-8.7812000E-06,+14.5065955072641E+00
-8.7804600E-06,+14.5065955072641E+00
-8.7797200E-06,+14.5065955072641E+00
-8.7789800E-06,+14.5065955072641E+00
-8.7782400E-06,+14.5065955072641E+00
-8.7775000E-06,+14.5065955072641E+00
-8.7767600E-06,+14.5065955072641E+00
-8.7760200E-06,+14.4141331951717E+00
-8.7752800E-06,+14.3055904805660E+00
-8.7745400E-06,+14.3055904805660E+00
-8.7738000E-06,+14.3055904805660E+00
-8.7730600E-06,+14.3055904805660E+00
-8.7723200E-06,+14.3055904805660E+00
-8.7715800E-06,+14.5065955072641E+00
-8.7708400E-06,+14.5065955072641E+00
-8.7701000E-06,+14.5065955072641E+00
-8.7693600E-06,+14.5065955072641E+00
-8.7686200E-06,+14.5065955072641E+00
-8.7678800E-06,+14.5065955072641E+00
-8.7671400E-06,+14.5065955072641E+00
-8.7664000E-06,+14.5065955072641E+00
-8.7656600E-06,+14.5065955072641E+00
-8.7649200E-06,+14.5065955072641E+00
-8.7641800E-06,+14.5065955072641E+00
-8.7634400E-06,+14.5065955072641E+00
-8.7627000E-06,+14.5065955072641E+00
-8.7619600E-06,+14.5065955072641E+00
-8.7612200E-06,+14.5065955072641E+00
-8.7604800E-06,+14.5065955072641E+00
-8.7597400E-06,+14.5065955072641E+00
-8.7590000E-06,+14.5065955072641E+00
-8.7582600E-06,+14.5065955072641E+00
-8.7575200E-06,+14.5065955072641E+00
-8.7567800E-06,+14.5065955072641E+00
-8.7560400E-06,+14.5065955072641E+00
-8.7553000E-06,+14.5065955072641E+00
-8.7545600E-06,+14.5065955072641E+00
-8.7538200E-06,+14.5065955072641E+00
-8.7530800E-06,+14.5065955072641E+00
-8.7523400E-06,+14.5065955072641E+00
-8.7516000E-06,+14.5065955072641E+00
-8.7508600E-06,+14.5065955072641E+00
-8.7501200E-06,+14.5065955072641E+00
-8.7493800E-06,+14.5065955072641E+00
-8.7486400E-06,+14.5065955072641E+00
-8.7479000E-06,+14.5065955072641E+00
-8.7471600E-06,+14.5065955072641E+00
-8.7464200E-06,+14.5065955072641E+00
-8.7456800E-06,+14.5065955072641E+00
-8.7449400E-06,+14.5065955072641E+00
-8.7442000E-06,+14.5065955072641E+00
-8.7434600E-06,+14.3900125919812E+00
-8.7427200E-06,+14.3055904805660E+00
-8.7419800E-06,+14.4141331947804E+00
-8.7412400E-06,+14.5065955072641E+00
-8.7405000E-06,+14.5065955072641E+00
-8.7397600E-06,+14.5065955072641E+00
-8.7390200E-06,+14.5065955072641E+00
-8.7382800E-06,+14.5065955072641E+00
-8.7375400E-06,+14.5065955072641E+00
-8.7368000E-06,+14.5065955072641E+00
-8.7360600E-06,+14.5065955072641E+00
-8.7353200E-06,+14.5065955072641E+00
-8.7345800E-06,+14.5065955072641E+00
-8.7338400E-06,+14.3417713855776E+00
-8.7331000E-06,+14.3055904805660E+00
-8.7323600E-06,+14.3055904805660E+00
-8.7316200E-06,+14.3578517873007E+00
-8.7308800E-06,+14.5065955072641E+00
-8.7301400E-06,+14.5065955072641E+00
-8.7294000E-06,+14.5065955072641E+00
-8.7286600E-06,+14.5065955072641E+00
-8.7279200E-06,+14.5065955072641E+00
-8.7271800E-06,+14.5065955072641E+00
-8.7264400E-06,+14.5065955072641E+00
-8.7257000E-06,+14.5065955072641E+00
-8.7249600E-06,+14.5065955072641E+00
-8.7242200E-06,+14.5065955072641E+00
-8.7234800E-06,+14.5065955072641E+00
-8.7227400E-06,+14.5065955072641E+00
-8.7220000E-06,+14.5065955072641E+00
-8.7212600E-06,+14.5065955072641E+00
-8.7205200E-06,+14.5065955072641E+00
-8.7197800E-06,+14.5065955072641E+00
-8.7190400E-06,+14.4221733962628E+00
-8.7183000E-06,+14.3055904805660E+00
-8.7175600E-06,+14.3055904805660E+00
-8.7168200E-06,+14.3055904805660E+00
-8.7160800E-06,+14.3055904805660E+00
-8.7153400E-06,+14.3055904805660E+00
-8.7146000E-06,+14.3055904805660E+00
-8.7138600E-06,+14.4623744011765E+00
-8.7131200E-06,+14.5065955072641E+00
-8.7123800E-06,+14.5065955072641E+00
-8.7116400E-06,+14.5065955072641E+00
-8.7109000E-06,+14.3658919887907E+00
-8.7101600E-06,+14.3055904805660E+00
-8.7094200E-06,+14.3055904805660E+00
-8.7086800E-06,+14.2774497770444E+00
-8.7079400E-06,+14.1045854538679E+00
-8.7072000E-06,+14.1045854538679E+00
-8.7064600E-06,+14.1045854538679E+00
-8.7057200E-06,+14.1045854538679E+00
-8.7049800E-06,+14.1045854538679E+00
-8.7042400E-06,+14.1045854538679E+00
-8.7035000E-06,+14.1045854538679E+00
-8.7027600E-06,+14.1045854538679E+00
-8.7020200E-06,+14.1045854538679E+00
-8.7012800E-06,+13.9156407289908E+00
-8.7005400E-06,+13.9035804271698E+00
-8.6998000E-06,+13.9035804271698E+00
-8.6990600E-06,+13.9035804271698E+00
-8.6983200E-06,+13.9035804271698E+00
-8.6975800E-06,+13.9035804271698E+00
-8.6968400E-06,+13.9035804271698E+00
-8.6961000E-06,+13.7025754004717E+00
-8.6953600E-06,+13.7025754004717E+00
-8.6946200E-06,+13.7025754004717E+00
-8.6938800E-06,+13.7025754004717E+00
-8.6931400E-06,+13.5015703737736E+00
-8.6924000E-06,+13.5015703737736E+00
-8.6916600E-06,+13.5015703737736E+00
-8.6909200E-06,+13.5015703737736E+00
-8.6901800E-06,+13.4734296702595E+00
-8.6894400E-06,+13.3005653470755E+00
-8.6887000E-06,+13.3005653470755E+00
-8.6879600E-06,+13.3005653470755E+00
-8.6872200E-06,+13.2885050456984E+00
-8.6864800E-06,+13.0995603203773E+00
-8.6857400E-06,+13.0995603203773E+00
-8.6850000E-06,+12.9990578072541E+00
-8.6842600E-06,+12.8985552936792E+00
-8.6835200E-06,+12.8985552936792E+00
-8.6827800E-06,+12.8985552936792E+00
-8.6820400E-06,+12.8141331826930E+00
-8.6813000E-06,+12.6975502669811E+00
-8.6805600E-06,+12.6975502669811E+00
-8.6798200E-06,+12.6975502669811E+00
-8.6790800E-06,+12.6975502669811E+00
-8.6783400E-06,+12.6975502669811E+00
-8.6776000E-06,+12.4965452402830E+00
-8.6768600E-06,+12.4965452402830E+00
-8.6761200E-06,+12.4965452402830E+00
-8.6753800E-06,+12.3478015207561E+00
-8.6746400E-06,+12.2955402135849E+00
-8.6739000E-06,+12.2955402135849E+00
-8.6731600E-06,+12.0945351868868E+00
-8.6724200E-06,+12.0945351868868E+00
-8.6716800E-06,+12.0663944833802E+00
-8.6709400E-06,+11.8935301601887E+00
-8.6702000E-06,+11.8935301601887E+00
-8.6694600E-06,+11.8935301601887E+00
-8.6687200E-06,+11.6925251334906E+00
-8.6679800E-06,+11.6925251334906E+00
-8.6672400E-06,+11.6885050331896E+00
-8.6665000E-06,+11.4915201067924E+00
-8.6657600E-06,+11.4915201067924E+00
-8.6650200E-06,+11.2905150800943E+00
-8.6642800E-06,+11.2905150800943E+00
-8.6635400E-06,+11.2905150800943E+00
-8.6628000E-06,+11.1096105563008E+00
-8.6620600E-06,+11.0895100533962E+00
-8.6613200E-06,+10.9166457306712E+00
-8.6605800E-06,+10.8885050266981E+00
-8.6598400E-06,+10.7236809050416E+00
-8.6591000E-06,+10.6875000000000E+00
-8.6583600E-06,+10.6875000000000E+00
-8.6576200E-06,+10.4864949733019E+00
-8.6568800E-06,+10.4864949733019E+00
-8.6561400E-06,+10.4864949733019E+00
-8.6554000E-06,+10.4864949733019E+00
-8.6546600E-06,+10.4503140687343E+00
-8.6539200E-06,+10.2854899466038E+00
-8.6531800E-06,+10.2854899466038E+00
-8.6524400E-06,+10.1608668302899E+00
-8.6517000E-06,+10.0844849199057E+00
-8.6509600E-06,+10.0844849199057E+00
-8.6502200E-06,+9.8834798932076E+00
-8.6494800E-06,+9.7749371790308E+00
-8.6487400E-06,+9.6824748665094E+00
-8.6480000E-06,+9.6824748665094E+00
-8.6472600E-06,+9.4854899405864E+00
-8.6465200E-06,+9.4814698398113E+00
-8.6457800E-06,+9.4814698398113E+00
-8.6450400E-06,+9.2804648131132E+00
-8.6443000E-06,+9.2804648131132E+00
-8.6435600E-06,+9.2804648131132E+00
-8.6428200E-06,+9.2804648131132E+00
-8.6420800E-06,+9.0794597864151E+00
-8.6413400E-06,+9.0794597864151E+00
-8.6406000E-06,+9.0191582786495E+00
-8.6398600E-06,+8.8784547597170E+00
-8.6391200E-06,+8.8261934530199E+00
-8.6383800E-06,+8.6774497330189E+00
-8.6376400E-06,+8.6332286273903E+00
-8.6369000E-06,+8.4764447063208E+00
-8.6361600E-06,+8.4402638017607E+00
-8.6354200E-06,+8.2754396796227E+00
-8.6346800E-06,+8.2754396796227E+00
-8.6339400E-06,+8.1508165633164E+00
-8.6332000E-06,+8.0744346529245E+00
-8.6324600E-06,+8.0744346529245E+00
-8.6317200E-06,+8.0744346529245E+00
-8.6309800E-06,+7.9658919387553E+00
-8.6302400E-06,+7.8734296262264E+00
-8.6295000E-06,+7.8734296262264E+00
-8.6287600E-06,+7.8734296262264E+00
-8.6280200E-06,+7.7809673141942E+00
-8.6272800E-06,+7.6724245995283E+00
-8.6265400E-06,+7.6724245995283E+00
-8.6258000E-06,+7.4915200757499E+00
-8.6250600E-06,+7.4714195728302E+00
-8.6243200E-06,+7.2985552501203E+00
-8.6235800E-06,+7.2704145461321E+00
-8.6228400E-06,+7.2704145461321E+00
-8.6221000E-06,+7.2101130383740E+00
-8.6213600E-06,+7.0694095194340E+00
-8.6206200E-06,+7.0694095194340E+00
-8.6198800E-06,+7.0694095194340E+00
-8.6191400E-06,+7.0251884138129E+00
-8.6184000E-06,+6.8684044927359E+00
-8.6176600E-06,+6.8684044927359E+00
-8.6169200E-06,+6.8684044927359E+00
-8.6161800E-06,+6.6673994660378E+00
-8.6154400E-06,+6.6673994660378E+00
-8.6147000E-06,+6.6472989636223E+00
-8.6139600E-06,+6.4663944393396E+00
-8.6132200E-06,+6.4663944393396E+00
-8.6124800E-06,+6.3578517251779E+00
-8.6117400E-06,+6.2653894126415E+00
-8.6110000E-06,+6.1648868995483E+00
-8.6102600E-06,+6.0643843859434E+00
-8.6095200E-06,+6.0643843859434E+00
-8.6087800E-06,+6.0643843859434E+00
-8.6080400E-06,+5.8633793592453E+00
-8.6073000E-06,+5.8633793592453E+00
-8.6065600E-06,+5.8633793592453E+00
-8.6058200E-06,+5.6905150365429E+00
-8.6050800E-06,+5.6623743325472E+00
-8.6043400E-06,+5.6623743325472E+00
-8.6036000E-06,+5.6623743325472E+00
-8.6028600E-06,+5.6623743325472E+00
-8.6021200E-06,+5.4613693058491E+00
-8.6013800E-06,+5.4613693058491E+00
-8.6006400E-06,+5.4613693058491E+00
-8.5999000E-06,+5.4613693058491E+00
-8.5991600E-06,+5.2603642791510E+00
-8.5984200E-06,+5.2603642791510E+00
-8.5976800E-06,+5.2322235756745E+00
-8.5969400E-06,+5.0593592524529E+00
-8.5962000E-06,+5.0593592524529E+00
-8.5954600E-06,+5.0593592524529E+00
-8.5947200E-06,+5.0593592524529E+00
-8.5939800E-06,+4.9508165382987E+00
-8.5932400E-06,+4.8583542257547E+00
-8.5925000E-06,+4.8583542257547E+00
-8.5917600E-06,+4.6613692998543E+00
-8.5910200E-06,+4.6573491990566E+00
-8.5902800E-06,+4.6573491990566E+00
-8.5895400E-06,+4.6573491990566E+00
-8.5888000E-06,+4.6573491990566E+00
-8.5880600E-06,+4.5809672891765E+00
-8.5873200E-06,+4.4563441723585E+00
-8.5865800E-06,+4.4563441723585E+00
-8.5858400E-06,+4.4563441723585E+00
-8.5851000E-06,+4.4563441723585E+00
-8.5843600E-06,+4.4563441723585E+00
-8.5836200E-06,+4.4563441723585E+00
-8.5828800E-06,+4.4563441723585E+00
-8.5821400E-06,+4.4563441723585E+00
-8.5814000E-06,+4.4563441723585E+00
-8.5806600E-06,+4.4563441723585E+00
-8.5799200E-06,+4.4563441723585E+00
-8.5791800E-06,+4.4563441723585E+00
-8.5784400E-06,+4.4563441723585E+00
-8.5777000E-06,+4.4563441723585E+00
-8.5769600E-06,+4.4563441723585E+00
-8.5762200E-06,+4.4442838710267E+00
-8.5754800E-06,+4.2553391456604E+00
-8.5747400E-06,+4.2553391456604E+00
-8.5740000E-06,+4.2553391456604E+00
-8.5732600E-06,+4.2553391456604E+00
-8.5725200E-06,+4.2553391456604E+00
-8.5717800E-06,+4.2553391456604E+00
-8.5710400E-06,+4.2553391456604E+00
-8.5703000E-06,+4.2553391456604E+00
-8.5695600E-06,+4.2553391456604E+00
-8.5688200E-06,+4.2553391456604E+00
-8.5680800E-06,+4.2553391456604E+00
-8.5673400E-06,+4.2553391456604E+00
-8.5666000E-06,+4.2553391456604E+00
-8.5658600E-06,+4.2553391456604E+00
-8.5651200E-06,+4.2553391456604E+00
-8.5643800E-06,+4.2553391456604E+00
-8.5636400E-06,+4.2553391456604E+00
-8.5629000E-06,+4.2553391456604E+00
-8.5621600E-06,+4.2553391456604E+00
-8.5614200E-06,+4.2553391456604E+00
-8.5606800E-06,+4.2553391456604E+00
-8.5599400E-06,+4.2553391456604E+00
-8.5592000E-06,+4.2553391456604E+00
-8.5584600E-06,+4.2553391456604E+00
-8.5577200E-06,+4.2553391456604E+00
-8.5569800E-06,+4.2553391456604E+00
-8.5562400E-06,+4.2553391456604E+00
-8.5555000E-06,+4.2553391456604E+00
-8.5547600E-06,+4.0583542197750E+00
-8.5540200E-06,+4.0543341189623E+00
-8.5532800E-06,+4.0543341189623E+00
-8.5525400E-06,+4.0543341189623E+00
-8.5518000E-06,+4.0543341189623E+00
-8.5510600E-06,+4.2553391456604E+00
-8.5503200E-06,+4.2553391456604E+00
-8.5495800E-06,+4.2553391456604E+00
-8.5488400E-06,+4.2553391456604E+00
-8.5481000E-06,+4.2553391456604E+00
-8.5473600E-06,+4.2553391456604E+00
-8.5466200E-06,+4.2553391456604E+00
-8.5458800E-06,+4.2553391456604E+00
-8.5451400E-06,+4.2553391456604E+00
-8.5444000E-06,+4.2553391456604E+00
-8.5436600E-06,+4.2191582411380E+00
-8.5429200E-06,+4.0543341189623E+00
-8.5421800E-06,+4.0543341189623E+00
-8.5414400E-06,+4.0543341189623E+00
-8.5407000E-06,+4.0543341189623E+00
-8.5399600E-06,+4.0543341189623E+00
-8.5392200E-06,+4.0663944202791E+00
-8.5384800E-06,+4.2553391456604E+00
-8.5377400E-06,+4.2553391456604E+00
-8.5370000E-06,+4.2553391456604E+00
-8.5362600E-06,+4.2553391456604E+00
-8.5355200E-06,+4.2553391456604E+00
-8.5347800E-06,+4.2553391456604E+00
-8.5340400E-06,+4.2553391456604E+00
-8.5333000E-06,+4.2553391456604E+00
-8.5325600E-06,+4.2553391456604E+00
-8.5318200E-06,+4.2553391456604E+00
-8.5310800E-06,+4.2553391456604E+00
-8.5303400E-06,+4.0905150240566E+00
-8.5296000E-06,+4.0543341189623E+00
-8.5288600E-06,+4.0543341189623E+00
-8.5281200E-06,+4.0543341189623E+00
-8.5273800E-06,+4.0543341189623E+00
-8.5266400E-06,+4.0543341189623E+00
-8.5259000E-06,+4.0543341189623E+00
-8.5251600E-06,+4.0543341189623E+00
-8.5244200E-06,+4.0543341189623E+00
-8.5236800E-06,+4.0824748224086E+00
-8.5229400E-06,+4.2553391456604E+00
-8.5222000E-06,+4.0543341189623E+00
-8.5214600E-06,+4.0543341189623E+00
-8.5207200E-06,+4.0543341189623E+00
-8.5199800E-06,+4.0543341189623E+00
-8.5192400E-06,+4.0543341189623E+00
-8.5185000E-06,+4.0543341189623E+00
-8.5177600E-06,+4.0543341189623E+00
-8.5170200E-06,+4.0543341189623E+00
-8.5162800E-06,+4.0543341189623E+00
-8.5155400E-06,+4.0543341189623E+00
-8.5148000E-06,+4.0543341189623E+00
-8.5140600E-06,+4.0543341189623E+00
-8.5133200E-06,+4.0543341189623E+00
-8.5125800E-06,+4.0543341189623E+00
-8.5118400E-06,+4.0543341189623E+00
-8.5111000E-06,+4.0543341189623E+00
-8.5103600E-06,+4.0543341189623E+00
-8.5096200E-06,+4.0543341189623E+00
-8.5088800E-06,+4.0543341189623E+00
-8.5081400E-06,+4.0101130133864E+00
-8.5074000E-06,+3.8533290922642E+00
-8.5066600E-06,+3.8533290922642E+00
-8.5059200E-06,+3.7206657749420E+00
-8.5051800E-06,+3.6523240655661E+00
-8.5044400E-06,+3.6523240655661E+00
-8.5037000E-06,+3.6523240655661E+00
-8.5029600E-06,+3.6523240655661E+00
-8.5022200E-06,+3.6523240655661E+00
-8.5014800E-06,+3.5437813514495E+00
-8.5007400E-06,+3.4513190388680E+00
-8.5000000E-06,+3.4513190388680E+00
-8.4992600E-06,+3.4513190388680E+00
-8.4985200E-06,+3.4513190388680E+00
-8.4977800E-06,+3.2623743140737E+00
-8.4970400E-06,+3.2503140121698E+00
-8.4963000E-06,+3.2503140121698E+00
-8.4955600E-06,+3.0493089854717E+00
-8.4948200E-06,+3.0493089854717E+00
-8.4940800E-06,+3.0493089854717E+00
-8.4933400E-06,+2.8844848638830E+00
-8.4926000E-06,+2.8483039587736E+00
-8.4918600E-06,+2.8483039587736E+00
-8.4911200E-06,+2.8483039587736E+00
-8.4903800E-06,+2.6995602393219E+00
-8.4896400E-06,+2.6472989320755E+00
-8.4889000E-06,+2.6472989320755E+00
-8.4881600E-06,+2.6111180275757E+00
-8.4874200E-06,+2.4462939053774E+00
-8.4866800E-06,+2.4462939053774E+00
-8.4859400E-06,+2.3216707891313E+00
-8.4852000E-06,+2.2452888786793E+00
-8.4844600E-06,+2.2452888786793E+00
-8.4837200E-06,+2.0442838519812E+00
-8.4829800E-06,+2.0442838519812E+00
-8.4822400E-06,+2.0442838519812E+00
-8.4815000E-06,+2.0442838519812E+00
-8.4807600E-06,+1.8472989261259E+00
-8.4800200E-06,+1.8432788252831E+00
-8.4792800E-06,+1.8432788252831E+00
-8.4785400E-06,+1.8432788252831E+00
-8.4778000E-06,+1.8432788252831E+00
-8.4770600E-06,+1.8432788252831E+00
-8.4763200E-06,+1.8432788252831E+00
-8.4755800E-06,+1.8432788252831E+00
-8.4748400E-06,+1.8432788252831E+00
-8.4741000E-06,+1.6422737985849E+00
-8.4733600E-06,+1.6422737985849E+00
-8.4726200E-06,+1.6422737985849E+00
-8.4718800E-06,+1.4935300791408E+00
-8.4711400E-06,+1.4412687718868E+00
-8.4704000E-06,+1.4412687718868E+00
-8.4696600E-06,+1.4412687718868E+00
-8.4689200E-06,+1.4412687718868E+00
-8.4681800E-06,+1.4412687718868E+00
-8.4674400E-06,+1.4412687718868E+00
-8.4667000E-06,+1.4211682695316E+00
-8.4659600E-06,+1.2402637451887E+00
-8.4652200E-06,+1.2402637451887E+00
-8.4644800E-06,+1.2402637451887E+00
-8.4637400E-06,+1.2402637451887E+00
-8.4630000E-06,+1.1397612321557E+00
-8.4622600E-06,+1.0392587184906E+00
-8.4615200E-06,+1.0392587184906E+00
-8.4607800E-06,+1.0392587184906E+00
-8.4600400E-06,+1.0392587184906E+00
-8.4593000E-06,+1.0392587184906E+00
-8.4585600E-06,+1.0392587184906E+00
-8.4578200E-06,+1.0392587184906E+00
-8.4570800E-06,+1.0392587184906E+00
-8.4563400E-06,+1.0392587184906E+00
-8.4556000E-06,+1.0392587184906E+00
-8.4548600E-06,+1.0392587184906E+00
-8.4541200E-06,+1.0392587184906E+00
-8.4533800E-06,+1.0392587184906E+00
-8.4526400E-06,+1.0392587184906E+00
-8.4519000E-06,+1.0392587184906E+00
-8.4511600E-06,+1.0392587184906E+00
-8.4504200E-06,+1.0392587184906E+00
-8.4496800E-06,+1.0111180150744E+00
-8.4489400E-06,+838.2536917925E-03
-8.4482000E-06,+838.2536917925E-03
-8.4474600E-06,+838.2536917925E-03
-8.4467200E-06,+838.2536917925E-03
-8.4459800E-06,+838.2536917925E-03
-8.4452400E-06,+838.2536917925E-03
-8.4445000E-06,+838.2536917925E-03
-8.4437600E-06,+1.0352386176327E+00
-8.4430200E-06,+1.0392587184906E+00
-8.4422800E-06,+1.0392587184906E+00
-8.4415400E-06,+1.0392587184906E+00
-8.4408000E-06,+1.0392587184906E+00
-8.4400600E-06,+1.0392587184906E+00
-8.4393200E-06,+1.0392587184906E+00
-8.4385800E-06,+1.0392587184906E+00
-8.4378400E-06,+1.0392587184906E+00
-8.4371000E-06,+1.0392587184906E+00
-8.4363600E-06,+1.0392587184906E+00
-8.4356200E-06,+890.5149984068E-03
-8.4348800E-06,+1.0392587184906E+00
-8.4341400E-06,+1.0392587184906E+00
-8.4334000E-06,+1.0392587184906E+00
-8.4326600E-06,+1.0392587184906E+00
-8.4319200E-06,+1.0392587184906E+00
-8.4311800E-06,+1.0392587184906E+00
-8.4304400E-06,+914.6356022671E-03
-8.4297000E-06,+838.2536917925E-03
-8.4289600E-06,+838.2536917925E-03
-8.4282200E-06,+838.2536917925E-03
-8.4274800E-06,+838.2536917925E-03
-8.4267400E-06,+838.2536917925E-03
-8.4260000E-06,+838.2536917925E-03
-8.4252600E-06,+838.2536917925E-03
-8.4245200E-06,+838.2536917925E-03
-8.4237800E-06,+838.2536917925E-03
-8.4230400E-06,+838.2536917925E-03
-8.4223000E-06,+838.2536917925E-03
-8.4215600E-06,+838.2536917925E-03
-8.4208200E-06,+838.2536917925E-03
-8.4200800E-06,+838.2536917925E-03
-8.4193400E-06,+838.2536917925E-03
-8.4186000E-06,+838.2536917925E-03
-8.4178600E-06,+838.2536917925E-03
-8.4171200E-06,+838.2536917925E-03
-8.4163800E-06,+838.2536917925E-03
-8.4156400E-06,+838.2536917925E-03
-8.4149000E-06,+838.2536917925E-03
-8.4141600E-06,+838.2536917925E-03
-8.4134200E-06,+838.2536917925E-03
-8.4126800E-06,+838.2536917925E-03
-8.4119400E-06,+838.2536917925E-03
-8.4112000E-06,+838.2536917925E-03
-8.4104600E-06,+838.2536917925E-03
-8.4097200E-06,+838.2536917925E-03
-8.4089800E-06,+838.2536917925E-03
-8.4082400E-06,+838.2536917925E-03
-8.4075000E-06,+838.2536917925E-03
-8.4067600E-06,+838.2536917925E-03
-8.4060200E-06,+838.2536917925E-03
-8.4052800E-06,+838.2536917925E-03
-8.4045400E-06,+838.2536917925E-03
-8.4038000E-06,+838.2536917925E-03
-8.4030600E-06,+761.8717819877E-03
-8.4023200E-06,+637.2486650944E-03
-8.4015800E-06,+838.2536917925E-03
-8.4008400E-06,+838.2536917925E-03
-8.4001000E-06,+838.2536917925E-03
-8.3993600E-06,+838.2536917925E-03
-8.3986200E-06,+785.9923851933E-03
-8.3978800E-06,+637.2486650944E-03
-8.3971400E-06,+637.2486650944E-03
-8.3964000E-06,+637.2486650944E-03
-8.3956600E-06,+637.2486650944E-03
-8.3949200E-06,+637.2486650944E-03
-8.3941800E-06,+637.2486650944E-03
-8.3934400E-06,+761.8717813028E-03
-8.3927000E-06,+838.2536917925E-03
-8.3919600E-06,+838.2536917925E-03
-8.3912200E-06,+838.2536917925E-03
-8.3904800E-06,+838.2536917925E-03
-8.3897400E-06,+838.2536917925E-03
-8.3890000E-06,+838.2536917925E-03
-8.3882600E-06,+838.2536917925E-03
-8.3875200E-06,+838.2536917925E-03
-8.3867800E-06,+838.2536917925E-03
-8.3860400E-06,+838.2536917925E-03
-8.3853000E-06,+838.2536917925E-03
-8.3845600E-06,+637.2486650944E-03
-8.3838200E-06,+637.2486650944E-03
-8.3830800E-06,+705.5903738231E-03
-8.3823400E-06,+838.2536917925E-03
-8.3816000E-06,+838.2536917925E-03
-8.3808600E-06,+681.4697713175E-03
-8.3801200E-06,+689.5099716861E-03
-8.3793800E-06,+689.5099723860E-03
-8.3786400E-06,+637.2486650944E-03
-8.3779000E-06,+637.2486650944E-03
-8.3771600E-06,+673.4295695490E-03
-8.3764200E-06,+838.2536917925E-03
-8.3756800E-06,+838.2536917925E-03
-8.3749400E-06,+838.2536917925E-03
-8.3742000E-06,+838.2536917925E-03
-8.3734600E-06,+838.2536917925E-03
-8.3727200E-06,+826.1933905434E-03
-8.3719800E-06,+637.2486650944E-03
-8.3712400E-06,+637.2486650944E-03
-8.3705000E-06,+637.2486650944E-03
-8.3697600E-06,+637.2486650944E-03
-8.3690200E-06,+637.2486650944E-03
-8.3682800E-06,+637.2486650944E-03
-8.3675400E-06,+637.2486650944E-03
-8.3668000E-06,+637.2486650944E-03
-8.3660600E-06,+637.2486650944E-03
-8.3653200E-06,+637.2486650944E-03
-8.3645800E-06,+637.2486650944E-03
-8.3638400E-06,+637.2486650944E-03
-8.3631000E-06,+637.2486650944E-03
-8.3623600E-06,+637.2486650944E-03
-8.3616200E-06,+637.2486650944E-03
-8.3608800E-06,+637.2486650944E-03
-8.3601400E-06,+838.2536917925E-03
-8.3594000E-06,+838.2536917925E-03
-8.3586600E-06,+838.2536917925E-03
-8.3579200E-06,+838.2536917925E-03
-8.3571800E-06,+838.2536917925E-03
-8.3564400E-06,+838.2536917925E-03
-8.3557000E-06,+838.2536917925E-03
-8.3549600E-06,+721.6707766676E-03
-8.3542200E-06,+637.2486650944E-03
-8.3534800E-06,+637.2486650944E-03
-8.3527400E-06,+637.2486650944E-03
-8.3520000E-06,+637.2486650944E-03
-8.3512600E-06,+637.2486650944E-03
-8.3505200E-06,+637.2486650944E-03
-8.3497800E-06,+637.2486650944E-03
-8.3490400E-06,+637.2486650944E-03
-8.3483000E-06,+637.2486650944E-03
-8.3475600E-06,+637.2486650944E-03
-8.3468200E-06,+637.2486650944E-03
-8.3460800E-06,+637.2486650944E-03
-8.3453400E-06,+802.0727866229E-03
-8.3446000E-06,+637.2486650944E-03
-8.3438600E-06,+637.2486650944E-03
-8.3431200E-06,+637.2486650944E-03
-8.3423800E-06,+637.2486650944E-03
-8.3416400E-06,+637.2486650944E-03
-8.3409000E-06,+637.2486650944E-03
-8.3401600E-06,+637.2486650944E-03
-8.3394200E-06,+637.2486650944E-03
-8.3386800E-06,+810.1129884214E-03
-8.3379400E-06,+637.2486650944E-03
-8.3372000E-06,+657.3491673969E-03
-8.3364600E-06,+838.2536917925E-03
-8.3357200E-06,+838.2536917925E-03
-8.3349800E-06,+838.2536917925E-03
-8.3342400E-06,+838.2536917925E-03
-8.3335000E-06,+838.2536917925E-03
-8.3327600E-06,+838.2536917925E-03
-8.3320200E-06,+637.2486650944E-03
-8.3312800E-06,+637.2486650944E-03
-8.3305400E-06,+637.2486650944E-03
-8.3298000E-06,+637.2486650944E-03
-8.3290600E-06,+637.2486650944E-03
-8.3283200E-06,+637.2486650944E-03
-8.3275800E-06,+637.2486650944E-03
-8.3268400E-06,+637.2486650944E-03
-8.3261000E-06,+637.2486650944E-03
-8.3253600E-06,+637.2486650944E-03
-8.3246200E-06,+637.2486650944E-03
-8.3238800E-06,+637.2486650944E-03
-8.3231400E-06,+637.2486650944E-03
-8.3224000E-06,+777.9521834098E-03
-8.3216600E-06,+838.2536917925E-03
-8.3209200E-06,+838.2536917925E-03
-8.3201800E-06,+838.2536917925E-03
-8.3194400E-06,+838.2536917925E-03
-8.3187000E-06,+838.2536917925E-03
-8.3179600E-06,+838.2536917925E-03
-8.3172200E-06,+838.2536917925E-03
-8.3164800E-06,+838.2536917925E-03
-8.3157400E-06,+637.2486650944E-03
-8.3150000E-06,+637.2486650944E-03
-8.3142600E-06,+637.2486650944E-03
-8.3135200E-06,+637.2486650944E-03
-8.3127800E-06,+637.2486650944E-03
-8.3120400E-06,+637.2486650944E-03
-8.3113000E-06,+637.2486650944E-03
-8.3105600E-06,+637.2486650944E-03
-8.3098200E-06,+637.2486650944E-03
-8.3090800E-06,+637.2486650944E-03
-8.3083400E-06,+637.2486650944E-03
-8.3076000E-06,+436.2436383963E-03
-8.3068600E-06,+436.2436383963E-03
-8.3061200E-06,+637.2486650944E-03
-8.3053800E-06,+637.2486650944E-03
-8.3046400E-06,+637.2486650944E-03
-8.3039000E-06,+637.2486650944E-03
-8.3031600E-06,+637.2486650944E-03
-8.3024200E-06,+637.2486650944E-03
-8.3016800E-06,+637.2486650944E-03
-8.3009400E-06,+637.2486650944E-03
-8.3002000E-06,+657.3491673819E-03
-8.2994600E-06,+838.2536917925E-03
-8.2987200E-06,+826.1933905735E-03
-8.2979800E-06,+637.2486650944E-03
-8.2972400E-06,+637.2486650944E-03
-8.2965000E-06,+637.2486650944E-03
-8.2957600E-06,+637.2486650944E-03
-8.2950200E-06,+637.2486650944E-03
-8.2942800E-06,+637.2486650944E-03
-8.2935400E-06,+721.6707759225E-03
-8.2928000E-06,+838.2536917925E-03
-8.2920600E-06,+838.2536917925E-03
-8.2913200E-06,+838.2536917925E-03
-8.2905800E-06,+838.2536917925E-03
-8.2898400E-06,+838.2536917925E-03
-8.2891000E-06,+777.9521841699E-03
-8.2883600E-06,+637.2486650944E-03
-8.2876200E-06,+637.2486650944E-03
-8.2868800E-06,+637.2486650944E-03
-8.2861400E-06,+681.4697705799E-03
-8.2854000E-06,+838.2536917925E-03
-8.2846600E-06,+838.2536917925E-03
-8.2839200E-06,+838.2536917925E-03
-8.2831800E-06,+838.2536917925E-03
-8.2824400E-06,+838.2536917925E-03
-8.2817000E-06,+838.2536917925E-03
-8.2809600E-06,+721.6707766977E-03
-8.2802200E-06,+637.2486650944E-03
-8.2794800E-06,+637.2486650944E-03
-8.2787400E-06,+637.2486650944E-03
-8.2780000E-06,+637.2486650944E-03
-8.2772600E-06,+637.2486650944E-03
-8.2765200E-06,+637.2486650944E-03
-8.2757800E-06,+637.2486650944E-03
-8.2750400E-06,+637.2486650944E-03
-8.2743000E-06,+637.2486650944E-03
-8.2735600E-06,+637.2486650944E-03
-8.2728200E-06,+637.2486650944E-03
-8.2720800E-06,+637.2486650944E-03
-8.2713400E-06,+637.2486650944E-03
-8.2706000E-06,+637.2486650944E-03
-8.2698600E-06,+637.2486650944E-03
-8.2691200E-06,+689.5099716409E-03
-8.2683800E-06,+838.2536917925E-03
-8.2676400E-06,+637.2486650944E-03
-8.2669000E-06,+637.2486650944E-03
-8.2661600E-06,+637.2486650944E-03
-8.2654200E-06,+637.2486650944E-03
-8.2646800E-06,+637.2486650944E-03
-8.2639400E-06,+637.2486650944E-03
-8.2632000E-06,+657.3491673668E-03
-8.2624600E-06,+838.2536917925E-03
-8.2617200E-06,+838.2536917925E-03
-8.2609800E-06,+838.2536917925E-03
-8.2602400E-06,+838.2536917925E-03
-8.2595000E-06,+838.2536917925E-03
-8.2587600E-06,+838.2536917925E-03
-8.2580200E-06,+838.2536917925E-03
-8.2572800E-06,+649.3089670961E-03
-8.2565400E-06,+637.2486650944E-03
-8.2558000E-06,+637.2486650944E-03
-8.2550600E-06,+637.2486650944E-03
-8.2543200E-06,+637.2486650944E-03
-8.2535800E-06,+637.2486650944E-03
-8.2528400E-06,+637.2486650944E-03
-8.2521000E-06,+637.2486650944E-03
-8.2513600E-06,+637.2486650944E-03
-8.2506200E-06,+637.2486650944E-03
-8.2498800E-06,+637.2486650944E-03
-8.2491400E-06,+637.2486650944E-03
-8.2484000E-06,+637.2486650944E-03
-8.2476600E-06,+637.2486650944E-03
-8.2469200E-06,+637.2486650944E-03
-8.2461800E-06,+637.2486650944E-03
-8.2454400E-06,+637.2486650944E-03
-8.2447000E-06,+637.2486650944E-03
-8.2439600E-06,+637.2486650944E-03
-8.2432200E-06,+637.2486650944E-03
-8.2424800E-06,+637.2486650944E-03
-8.2417400E-06,+637.2486650944E-03
-8.2410000E-06,+637.2486650944E-03
-8.2402600E-06,+637.2486650944E-03
-8.2395200E-06,+637.2486650944E-03
-8.2387800E-06,+637.2486650944E-03
-8.2380400E-06,+637.2486650944E-03
-8.2373000E-06,+637.2486650944E-03
-8.2365600E-06,+637.2486650944E-03
-8.2358200E-06,+637.2486650944E-03
-8.2350800E-06,+637.2486650944E-03
-8.2343400E-06,+637.2486650944E-03
-8.2336000E-06,+637.2486650944E-03
-8.2328600E-06,+637.2486650944E-03
-8.2321200E-06,+637.2486650944E-03
-8.2313800E-06,+637.2486650944E-03
-8.2306400E-06,+637.2486650944E-03
-8.2299000E-06,+637.2486650944E-03
-8.2291600E-06,+637.2486650944E-03
-8.2284200E-06,+637.2486650944E-03
-8.2276800E-06,+637.2486650944E-03
-8.2269400E-06,+637.2486650944E-03
-8.2262000E-06,+637.2486650944E-03
-8.2254600E-06,+637.2486650944E-03
-8.2247200E-06,+637.2486650944E-03
-8.2239800E-06,+637.2486650944E-03
-8.2232400E-06,+637.2486650944E-03
-8.2225000E-06,+637.2486650944E-03
-8.2217600E-06,+637.2486650944E-03
-8.2210200E-06,+637.2486650944E-03
-8.2202800E-06,+637.2486650944E-03
-8.2195400E-06,+637.2486650944E-03
-8.2188000E-06,+637.2486650944E-03
-8.2180600E-06,+637.2486650944E-03
-8.2173200E-06,+637.2486650944E-03
-8.2165800E-06,+637.2486650944E-03
-8.2158400E-06,+637.2486650944E-03
-8.2151000E-06,+637.2486650944E-03
-8.2143600E-06,+637.2486650944E-03
-8.2136200E-06,+637.2486650944E-03
-8.2128800E-06,+637.2486650944E-03
-8.2121400E-06,+637.2486650944E-03
-8.2114000E-06,+637.2486650944E-03
-8.2106600E-06,+637.2486650944E-03
-8.2099200E-06,+637.2486650944E-03
-8.2091800E-06,+637.2486650944E-03
-8.2084400E-06,+637.2486650944E-03
-8.2077000E-06,+637.2486650944E-03
-8.2069600E-06,+637.2486650944E-03
-8.2062200E-06,+637.2486650944E-03
-8.2054800E-06,+637.2486650944E-03
-8.2047400E-06,+637.2486650944E-03
-8.2040000E-06,+637.2486650944E-03
-8.2032600E-06,+637.2486650944E-03
-8.2025200E-06,+637.2486650944E-03
-8.2017800E-06,+637.2486650944E-03
-8.2010400E-06,+637.2486650944E-03
-8.2003000E-06,+637.2486650944E-03
-8.1995600E-06,+637.2486650944E-03
-8.1988200E-06,+637.2486650944E-03
-8.1980800E-06,+637.2486650944E-03
-8.1973400E-06,+637.2486650944E-03
-8.1966000E-06,+637.2486650944E-03
-8.1958600E-06,+637.2486650944E-03
-8.1951200E-06,+637.2486650944E-03
-8.1943800E-06,+488.5049457631E-03
-8.1936400E-06,+637.2486650944E-03
-8.1929000E-06,+637.2486650944E-03
-8.1921600E-06,+637.2486650944E-03
-8.1914200E-06,+637.2486650944E-03
-8.1906800E-06,+637.2486650944E-03
-8.1899400E-06,+637.2486650944E-03
-8.1892000E-06,+637.2486650944E-03
-8.1884600E-06,+637.2486650944E-03
-8.1877200E-06,+637.2486650944E-03
-8.1869800E-06,+637.2486650944E-03
-8.1862400E-06,+637.2486650944E-03
-8.1855000E-06,+637.2486650944E-03
-8.1847600E-06,+637.2486650944E-03
-8.1840200E-06,+436.2436383963E-03
-8.1832800E-06,+436.2436383963E-03
-8.1825400E-06,+637.2486650944E-03
-8.1818000E-06,+456.3441414966E-03
-8.1810600E-06,+436.2436383963E-03
-8.1803200E-06,+436.2436383963E-03
-8.1795800E-06,+504.5853470422E-03
-8.1788400E-06,+637.2486650944E-03
-8.1781000E-06,+637.2486650944E-03
-8.1773600E-06,+637.2486650944E-03
-8.1766200E-06,+637.2486650944E-03
-8.1758800E-06,+637.2486650944E-03
-8.1751400E-06,+637.2486650944E-03
-8.1744000E-06,+637.2486650944E-03
-8.1736600E-06,+637.2486650944E-03
-8.1729200E-06,+637.2486650944E-03
-8.1721800E-06,+637.2486650944E-03
-8.1714400E-06,+512.6255489763E-03
-8.1707000E-06,+436.2436383963E-03
-8.1699600E-06,+436.2436383963E-03
-8.1692200E-06,+436.2436383963E-03
-8.1684800E-06,+436.2436383963E-03
-8.1677400E-06,+436.2436383963E-03
-8.1670000E-06,+436.2436383963E-03
-8.1662600E-06,+633.2285641236E-03
-8.1655200E-06,+637.2486650944E-03
-8.1647800E-06,+637.2486650944E-03
-8.1640400E-06,+637.2486650944E-03
-8.1633000E-06,+637.2486650944E-03
-8.1625600E-06,+637.2486650944E-03
-8.1618200E-06,+637.2486650944E-03
-8.1610800E-06,+705.5903737328E-03
-8.1603400E-06,+673.4295703393E-03
-8.1596000E-06,+637.2486650944E-03
-8.1588600E-06,+637.2486650944E-03
-8.1581200E-06,+637.2486650944E-03
-8.1573800E-06,+637.2486650944E-03
-8.1566400E-06,+637.2486650944E-03
-8.1559000E-06,+637.2486650944E-03
-8.1551600E-06,+637.2486650944E-03
-8.1544200E-06,+637.2486650944E-03
-8.1536800E-06,+637.2486650944E-03
-8.1529400E-06,+637.2486650944E-03
-8.1522000E-06,+436.2436383963E-03
-8.1514600E-06,+436.2436383963E-03
-8.1507200E-06,+436.2436383963E-03
-8.1499800E-06,+436.2436383963E-03
-8.1492400E-06,+436.2436383963E-03
-8.1485000E-06,+436.2436383963E-03
-8.1477600E-06,+633.2285641161E-03
-8.1470200E-06,+637.2486650944E-03
-8.1462800E-06,+637.2486650944E-03
-8.1455400E-06,+637.2486650944E-03
-8.1448000E-06,+637.2486650944E-03
-8.1440600E-06,+637.2486650944E-03
-8.1433200E-06,+637.2486650944E-03
-8.1425800E-06,+637.2486650944E-03
-8.1418400E-06,+637.2486650944E-03
-8.1411000E-06,+637.2486650944E-03
-8.1403600E-06,+637.2486650944E-03
-8.1396200E-06,+637.2486650944E-03
-8.1388800E-06,+637.2486650944E-03
-8.1381400E-06,+637.2486650944E-03
-8.1374000E-06,+637.2486650944E-03
-8.1366600E-06,+637.2486650944E-03
-8.1359200E-06,+637.2486650944E-03
-8.1351800E-06,+637.2486650944E-03
-8.1344400E-06,+637.2486650944E-03
-8.1337000E-06,+637.2486650944E-03
-8.1329600E-06,+637.2486650944E-03
-8.1322200E-06,+637.2486650944E-03
-8.1314800E-06,+637.2486650944E-03
-8.1307400E-06,+440.2637384789E-03
-8.1300000E-06,+637.2486650944E-03
-8.1292600E-06,+637.2486650944E-03
-8.1285200E-06,+637.2486650944E-03
-8.1277800E-06,+637.2486650944E-03
-8.1270400E-06,+637.2486650944E-03
-8.1263000E-06,+818.1531886696E-03
-8.1255600E-06,+637.2486650944E-03
-8.1248200E-06,+637.2486650944E-03
-8.1240800E-06,+637.2486650944E-03
-8.1233400E-06,+637.2486650944E-03
-8.1226000E-06,+637.2486650944E-03
-8.1218600E-06,+637.2486650944E-03
-8.1211200E-06,+637.2486650944E-03
-8.1203800E-06,+637.2486650944E-03
-8.1196400E-06,+637.2486650944E-03
-8.1189000E-06,+637.2486650944E-03
-8.1181600E-06,+637.2486650944E-03
-8.1174200E-06,+637.2486650944E-03
-8.1166800E-06,+637.2486650944E-03
-8.1159400E-06,+637.2486650944E-03
-8.1152000E-06,+637.2486650944E-03
-8.1144600E-06,+637.2486650944E-03
-8.1137200E-06,+637.2486650944E-03
-8.1129800E-06,+637.2486650944E-03
-8.1122400E-06,+637.2486650944E-03
-8.1115000E-06,+637.2486650944E-03
-8.1107600E-06,+637.2486650944E-03
-8.1100200E-06,+637.2486650944E-03
-8.1092800E-06,+637.2486650944E-03
-8.1085400E-06,+637.2486650944E-03
-8.1078000E-06,+637.2486650944E-03
-8.1070600E-06,+637.2486650944E-03
-8.1063200E-06,+637.2486650944E-03
-8.1055800E-06,+637.2486650944E-03
-8.1048400E-06,+637.2486650944E-03
-8.1041000E-06,+637.2486650944E-03
-8.1033600E-06,+637.2486650944E-03
-8.1026200E-06,+637.2486650944E-03
-8.1018800E-06,+637.2486650944E-03
-8.1011400E-06,+637.2486650944E-03
-8.1004000E-06,+637.2486650944E-03
-8.0996600E-06,+637.2486650944E-03
-8.0989200E-06,+637.2486650944E-03
-8.0981800E-06,+637.2486650944E-03
-8.0974400E-06,+637.2486650944E-03
-8.0967000E-06,+637.2486650944E-03
-8.0959600E-06,+637.2486650944E-03
-8.0952200E-06,+637.2486650944E-03
-8.0944800E-06,+637.2486650944E-03
-8.0937400E-06,+637.2486650944E-03
-8.0930000E-06,+637.2486650944E-03
-8.0922600E-06,+440.2637393972E-03
-8.0915200E-06,+528.7059502101E-03
-8.0907800E-06,+637.2486650944E-03
-8.0900400E-06,+637.2486650944E-03
-8.0893000E-06,+637.2486650944E-03
-8.0885600E-06,+637.2486650944E-03
-8.0878200E-06,+637.2486650944E-03
-8.0870800E-06,+637.2486650944E-03
-8.0863400E-06,+637.2486650944E-03
-8.0856000E-06,+637.2486650944E-03
-8.0848600E-06,+637.2486650944E-03
-8.0841200E-06,+637.2486650944E-03
-8.0833800E-06,+637.2486650944E-03
-8.0826400E-06,+637.2486650944E-03
-8.0819000E-06,+637.2486650944E-03
-8.0811600E-06,+637.2486650944E-03
-8.0804200E-06,+637.2486650944E-03
-8.0796800E-06,+637.2486650944E-03
-8.0789400E-06,+512.6255490140E-03
-8.0782000E-06,+436.2436383963E-03
-8.0774600E-06,+436.2436383963E-03
-8.0767200E-06,+448.3039395249E-03
-8.0759800E-06,+637.2486650944E-03
-8.0752400E-06,+637.2486650944E-03
-8.0745000E-06,+637.2486650944E-03
-8.0737600E-06,+440.2637394047E-03
-8.0730200E-06,+637.2486650944E-03
-8.0722800E-06,+637.2486650944E-03
-8.0715400E-06,+552.8265543566E-03
-8.0708000E-06,+436.2436383963E-03
-8.0700600E-06,+436.2436383963E-03
-8.0693200E-06,+436.2436383963E-03
-8.0685800E-06,+637.2486650944E-03
-8.0678400E-06,+637.2486650944E-03
-8.0671000E-06,+637.2486650944E-03
-8.0663600E-06,+637.2486650944E-03
-8.0656200E-06,+637.2486650944E-03
-8.0648800E-06,+637.2486650944E-03
-8.0641400E-06,+637.2486650944E-03
-8.0634000E-06,+637.2486650944E-03
-8.0626600E-06,+637.2486650944E-03
-8.0619200E-06,+637.2486650944E-03
-8.0611800E-06,+436.2436383963E-03
-8.0604400E-06,+436.2436383963E-03
-8.0597000E-06,+436.2436383963E-03
-8.0589600E-06,+552.8265534007E-03
-8.0582200E-06,+637.2486650944E-03
-8.0574800E-06,+637.2486650944E-03
-8.0567400E-06,+637.2486650944E-03
-8.0560000E-06,+637.2486650944E-03
-8.0552600E-06,+637.2486650944E-03
-8.0545200E-06,+637.2486650944E-03
-8.0537800E-06,+637.2486650944E-03
-8.0530400E-06,+637.2486650944E-03
-8.0523000E-06,+637.2486650944E-03
-8.0515600E-06,+637.2486650944E-03
-8.0508200E-06,+637.2486650944E-03
-8.0500800E-06,+637.2486650944E-03
-8.0493400E-06,+637.2486650944E-03
-8.0486000E-06,+637.2486650944E-03
-8.0478600E-06,+637.2486650944E-03
-8.0471200E-06,+637.2486650944E-03
-8.0463800E-06,+488.5049458234E-03
-8.0456400E-06,+436.2436383963E-03
-8.0449000E-06,+436.2436383963E-03
-8.0441600E-06,+436.2436383963E-03
-8.0434200E-06,+436.2436383963E-03
-8.0426800E-06,+436.2436383963E-03
-8.0419400E-06,+560.8667544617E-03
-8.0412000E-06,+637.2486650944E-03
-8.0404600E-06,+637.2486650944E-03
-8.0397200E-06,+637.2486650944E-03
-8.0389800E-06,+637.2486650944E-03
-8.0382400E-06,+637.2486650944E-03
-8.0375000E-06,+637.2486650944E-03
-8.0367600E-06,+637.2486650944E-03
-8.0360200E-06,+637.2486650944E-03
-8.0352800E-06,+637.2486650944E-03
-8.0345400E-06,+637.2486650944E-03
-8.0338000E-06,+637.2486650944E-03
-8.0330600E-06,+637.2486650944E-03
-8.0323200E-06,+637.2486650944E-03
-8.0315800E-06,+637.2486650944E-03
-8.0308400E-06,+802.0727864949E-03
-8.0301000E-06,+838.2536917925E-03
-8.0293600E-06,+838.2536917925E-03
-8.0286200E-06,+637.2486650944E-03
-8.0278800E-06,+637.2486650944E-03
-8.0271400E-06,+637.2486650944E-03
-8.0264000E-06,+637.2486650944E-03
-8.0256600E-06,+637.2486650944E-03
-8.0249200E-06,+637.2486650944E-03
-8.0241800E-06,+637.2486650944E-03
-8.0234400E-06,+637.2486650944E-03
-8.0227000E-06,+637.2486650944E-03
-8.0219600E-06,+637.2486650944E-03
-8.0212200E-06,+637.2486650944E-03
-8.0204800E-06,+637.2486650944E-03
-8.0197400E-06,+637.2486650944E-03
-8.0190000E-06,+637.2486650944E-03
-8.0182600E-06,+637.2486650944E-03
-8.0175200E-06,+637.2486650944E-03
-8.0167800E-06,+637.2486650944E-03
-8.0160400E-06,+637.2486650944E-03
-8.0153000E-06,+637.2486650944E-03
-8.0145600E-06,+637.2486650944E-03
-8.0138200E-06,+637.2486650944E-03
-8.0130800E-06,+637.2486650944E-03
-8.0123400E-06,+637.2486650944E-03
-8.0116000E-06,+637.2486650944E-03
-8.0108600E-06,+637.2486650944E-03
-8.0101200E-06,+637.2486650944E-03
-8.0093800E-06,+637.2486650944E-03
-8.0086400E-06,+637.2486650944E-03
-8.0079000E-06,+637.2486650944E-03
-8.0071600E-06,+637.2486650944E-03
-8.0064200E-06,+637.2486650944E-03
-8.0056800E-06,+637.2486650944E-03
-8.0049400E-06,+637.2486650944E-03
-8.0042000E-06,+637.2486650944E-03
-8.0034600E-06,+753.8315800762E-03
-8.0027200E-06,+838.2536917925E-03
-8.0019800E-06,+838.2536917925E-03
-8.0012400E-06,+838.2536917925E-03
-8.0005000E-06,+838.2536917925E-03
-7.9997600E-06,+838.2536917925E-03
-7.9990200E-06,+745.7913800163E-03
-7.9982800E-06,+637.2486650944E-03
-7.9975400E-06,+637.2486650944E-03
-7.9968000E-06,+637.2486650944E-03
-7.9960600E-06,+637.2486650944E-03
-7.9953200E-06,+637.2486650944E-03
-7.9945800E-06,+637.2486650944E-03
-7.9938400E-06,+802.0727864798E-03
-7.9931000E-06,+777.9521842903E-03
-7.9923600E-06,+637.2486650944E-03
-7.9916200E-06,+637.2486650944E-03
-7.9908800E-06,+637.2486650944E-03
-7.9901400E-06,+637.2486650944E-03
-7.9894000E-06,+637.2486650944E-03
-7.9886600E-06,+637.2486650944E-03
-7.9879200E-06,+637.2486650944E-03
-7.9871800E-06,+637.2486650944E-03
-7.9864400E-06,+637.2486650944E-03
-7.9857000E-06,+637.2486650944E-03
-7.9849600E-06,+637.2486650944E-03
-7.9842200E-06,+637.2486650944E-03
-7.9834800E-06,+637.2486650944E-03
-7.9827400E-06,+637.2486650944E-03
-7.9820000E-06,+637.2486650944E-03
-7.9812600E-06,+637.2486650944E-03
-7.9805200E-06,+637.2486650944E-03
-7.9797800E-06,+637.2486650944E-03
-7.9790400E-06,+637.2486650944E-03
-7.9783000E-06,+637.2486650944E-03
-7.9775600E-06,+637.2486650944E-03
-7.9768200E-06,+637.2486650944E-03
-7.9760800E-06,+637.2486650944E-03
-7.9753400E-06,+637.2486650944E-03
-7.9746000E-06,+637.2486650944E-03
-7.9738600E-06,+637.2486650944E-03
-7.9731200E-06,+584.9873586683E-03
-7.9723800E-06,+436.2436383963E-03
-7.9716400E-06,+436.2436383963E-03
-7.9709000E-06,+436.2436383963E-03
-7.9701600E-06,+637.2486650944E-03
-7.9694200E-06,+637.2486650944E-03
-7.9686800E-06,+637.2486650944E-03
-7.9679400E-06,+637.2486650944E-03
-7.9672000E-06,+637.2486650944E-03
-7.9664600E-06,+637.2486650944E-03
-7.9657200E-06,+637.2486650944E-03
-7.9649800E-06,+637.2486650944E-03
-7.9642400E-06,+637.2486650944E-03
-7.9635000E-06,+637.2486650944E-03
-7.9627600E-06,+637.2486650944E-03
-7.9620200E-06,+544.7863533332E-03
-7.9612800E-06,+436.2436383963E-03
-7.9605400E-06,+520.6657490889E-03
-7.9598000E-06,+637.2486650944E-03
-7.9590600E-06,+637.2486650944E-03
-7.9583200E-06,+637.2486650944E-03
-7.9575800E-06,+637.2486650944E-03
-7.9568400E-06,+637.2486650944E-03
-7.9561000E-06,+637.2486650944E-03
-7.9553600E-06,+637.2486650944E-03
-7.9546200E-06,+637.2486650944E-03
-7.9538800E-06,+637.2486650944E-03
-7.9531400E-06,+637.2486650944E-03
-7.9524000E-06,+637.2486650944E-03
-7.9516600E-06,+637.2486650944E-03
-7.9509200E-06,+637.2486650944E-03
-7.9501800E-06,+637.2486650944E-03
-7.9494400E-06,+637.2486650944E-03
-7.9487000E-06,+637.2486650944E-03
-7.9479600E-06,+637.2486650944E-03
-7.9472200E-06,+649.3089661703E-03
-7.9464800E-06,+838.2536917925E-03
-7.9457400E-06,+834.2335917851E-03
-7.9450000E-06,+637.2486650944E-03
-7.9442600E-06,+637.2486650944E-03
-7.9435200E-06,+637.2486650944E-03
-7.9427800E-06,+637.2486650944E-03
-7.9420400E-06,+637.2486650944E-03
-7.9413000E-06,+637.2486650944E-03
-7.9405600E-06,+637.2486650944E-03
-7.9398200E-06,+637.2486650944E-03
-7.9390800E-06,+637.2486650944E-03
-7.9383400E-06,+637.2486650944E-03
-7.9376000E-06,+637.2486650944E-03
-7.9368600E-06,+637.2486650944E-03
-7.9361200E-06,+637.2486650944E-03
-7.9353800E-06,+637.2486650944E-03
-7.9346400E-06,+637.2486650944E-03
-7.9339000E-06,+637.2486650944E-03
-7.9331600E-06,+637.2486650944E-03
-7.9324200E-06,+637.2486650944E-03
-7.9316800E-06,+637.2486650944E-03
-7.9309400E-06,+637.2486650944E-03
-7.9302000E-06,+637.2486650944E-03
-7.9294600E-06,+637.2486650944E-03
-7.9287200E-06,+637.2486650944E-03
-7.9279800E-06,+637.2486650944E-03
-7.9272400E-06,+637.2486650944E-03
-7.9265000E-06,+637.2486650944E-03
-7.9257600E-06,+637.2486650944E-03
-7.9250200E-06,+436.2436383963E-03
-7.9242800E-06,+625.1883629571E-03
-7.9235400E-06,+637.2486650944E-03
-7.9228000E-06,+637.2486650944E-03
-7.9220600E-06,+637.2486650944E-03
-7.9213200E-06,+637.2486650944E-03
-7.9205800E-06,+637.2486650944E-03
-7.9198400E-06,+637.2486650944E-03
-7.9191000E-06,+637.2486650944E-03
-7.9183600E-06,+637.2486650944E-03
-7.9176200E-06,+637.2486650944E-03
-7.9168800E-06,+637.2486650944E-03
-7.9161400E-06,+637.2486650944E-03
-7.9154000E-06,+777.9521832441E-03
-7.9146600E-06,+802.0727875261E-03
-7.9139200E-06,+637.2486650944E-03
-7.9131800E-06,+637.2486650944E-03
-7.9124400E-06,+637.2486650944E-03
-7.9117000E-06,+637.2486650944E-03
-7.9109600E-06,+520.6657501502E-03
-7.9102200E-06,+436.2436383963E-03
-7.9094800E-06,+436.2436383963E-03
-7.9087400E-06,+440.2637383886E-03
-7.9080000E-06,+637.2486650944E-03
-7.9072600E-06,+637.2486650944E-03
-7.9065200E-06,+637.2486650944E-03
-7.9057800E-06,+637.2486650944E-03
-7.9050400E-06,+637.2486650944E-03
-7.9043000E-06,+637.2486650944E-03
-7.9035600E-06,+637.2486650944E-03
-7.9028200E-06,+637.2486650944E-03
-7.9020800E-06,+637.2486650944E-03
-7.9013400E-06,+637.2486650944E-03
-7.9006000E-06,+637.2486650944E-03
-7.8998600E-06,+637.2486650944E-03
-7.8991200E-06,+637.2486650944E-03
-7.8983800E-06,+637.2486650944E-03
-7.8976400E-06,+637.2486650944E-03
-7.8969000E-06,+637.2486650944E-03
-7.8961600E-06,+637.2486650944E-03
-7.8954200E-06,+637.2486650944E-03
-7.8946800E-06,+637.2486650944E-03
-7.8939400E-06,+637.2486650944E-03
-7.8932000E-06,+637.2486650944E-03
-7.8924600E-06,+637.2486650944E-03
-7.8917200E-06,+637.2486650944E-03
-7.8909800E-06,+528.7059512262E-03
-7.8902400E-06,+436.2436383963E-03
-7.8895000E-06,+436.2436383963E-03
-7.8887600E-06,+633.2285640106E-03
-7.8880200E-06,+637.2486650944E-03
-7.8872800E-06,+637.2486650944E-03
-7.8865400E-06,+637.2486650944E-03
-7.8858000E-06,+637.2486650944E-03
-7.8850600E-06,+637.2486650944E-03
-7.8843200E-06,+637.2486650944E-03
-7.8835800E-06,+637.2486650944E-03
-7.8828400E-06,+637.2486650944E-03
-7.8821000E-06,+637.2486650944E-03
-7.8813600E-06,+637.2486650944E-03
-7.8806200E-06,+637.2486650944E-03
-7.8798800E-06,+637.2486650944E-03
-7.8791400E-06,+637.2486650944E-03
-7.8784000E-06,+637.2486650944E-03
-7.8776600E-06,+637.2486650944E-03
-7.8769200E-06,+637.2486650944E-03
-7.8761800E-06,+637.2486650944E-03
-7.8754400E-06,+637.2486650944E-03
-7.8747000E-06,+637.2486650944E-03
-7.8739600E-06,+637.2486650944E-03
-7.8732200E-06,+637.2486650944E-03
-7.8724800E-06,+637.2486650944E-03
-7.8717400E-06,+637.2486650944E-03
-7.8710000E-06,+637.2486650944E-03
-7.8702600E-06,+637.2486650944E-03
-7.8695200E-06,+637.2486650944E-03
-7.8687800E-06,+637.2486650944E-03
-7.8680400E-06,+637.2486650944E-03
-7.8673000E-06,+637.2486650944E-03
-7.8665600E-06,+637.2486650944E-03
-7.8658200E-06,+637.2486650944E-03
-7.8650800E-06,+637.2486650944E-03
-7.8643400E-06,+637.2486650944E-03
-7.8636000E-06,+637.2486650944E-03
-7.8628600E-06,+637.2486650944E-03
-7.8621200E-06,+637.2486650944E-03
-7.8613800E-06,+637.2486650944E-03
-7.8606400E-06,+637.2486650944E-03
-7.8599000E-06,+777.9521832216E-03
-7.8591600E-06,+838.2536917925E-03
-7.8584200E-06,+705.5903747338E-03
-7.8576800E-06,+637.2486650944E-03
-7.8569400E-06,+637.2486650944E-03
-7.8562000E-06,+637.2486650944E-03
-7.8554600E-06,+637.2486650944E-03
-7.8547200E-06,+637.2486650944E-03
-7.8539800E-06,+637.2486650944E-03
-7.8532400E-06,+637.2486650944E-03
-7.8525000E-06,+637.2486650944E-03
-7.8517600E-06,+637.2486650944E-03
-7.8510200E-06,+637.2486650944E-03
-7.8502800E-06,+637.2486650944E-03
-7.8495400E-06,+436.2436383963E-03
-7.8488000E-06,+436.2436383963E-03
-7.8480600E-06,+512.6255479752E-03
-7.8473200E-06,+637.2486650944E-03
-7.8465800E-06,+637.2486650944E-03
-7.8458400E-06,+637.2486650944E-03
-7.8451000E-06,+637.2486650944E-03
-7.8443600E-06,+637.2486650944E-03
-7.8436200E-06,+637.2486650944E-03
-7.8428800E-06,+637.2486650944E-03
-7.8421400E-06,+637.2486650944E-03
-7.8414000E-06,+637.2486650944E-03
-7.8406600E-06,+472.4245426326E-03
-7.8399200E-06,+637.2486650944E-03
-7.8391800E-06,+637.2486650944E-03
-7.8384400E-06,+637.2486650944E-03
-7.8377000E-06,+637.2486650944E-03
-7.8369600E-06,+637.2486650944E-03
-7.8362200E-06,+637.2486650944E-03
-7.8354800E-06,+637.2486650944E-03
-7.8347400E-06,+637.2486650944E-03
-7.8340000E-06,+637.2486650944E-03
-7.8332600E-06,+637.2486650944E-03
-7.8325200E-06,+637.2486650944E-03
-7.8317800E-06,+637.2486650944E-03
-7.8310400E-06,+436.2436383963E-03
-7.8303000E-06,+436.2436383963E-03
-7.8295600E-06,+436.2436383963E-03
-7.8288200E-06,+436.2436383963E-03
-7.8280800E-06,+436.2436383963E-03
-7.8273400E-06,+436.2436383963E-03
-7.8266000E-06,+637.2486650944E-03
-7.8258600E-06,+637.2486650944E-03
-7.8251200E-06,+637.2486650944E-03
-7.8243800E-06,+637.2486650944E-03
-7.8236400E-06,+637.2486650944E-03
-7.8229000E-06,+637.2486650944E-03
-7.8221600E-06,+637.2486650944E-03
-7.8214200E-06,+637.2486650944E-03
-7.8206800E-06,+637.2486650944E-03
-7.8199400E-06,+637.2486650944E-03
-7.8192000E-06,+637.2486650944E-03
-7.8184600E-06,+637.2486650944E-03
-7.8177200E-06,+637.2486650944E-03
-7.8169800E-06,+637.2486650944E-03
-7.8162400E-06,+637.2486650944E-03
-7.8155000E-06,+637.2486650944E-03
-7.8147600E-06,+637.2486650944E-03
-7.8140200E-06,+838.2536917925E-03
-7.8132800E-06,+838.2536917925E-03
-7.8125400E-06,+838.2536917925E-03
-7.8118000E-06,+838.2536917925E-03
-7.8110600E-06,+838.2536917925E-03
-7.8103200E-06,+838.2536917925E-03
-7.8095800E-06,+637.2486650944E-03
-7.8088400E-06,+637.2486650944E-03
-7.8081000E-06,+637.2486650944E-03
-7.8073600E-06,+637.2486650944E-03
-7.8066200E-06,+637.2486650944E-03
-7.8058800E-06,+637.2486650944E-03
-7.8051400E-06,+637.2486650944E-03
-7.8044000E-06,+637.2486650944E-03
-7.8036600E-06,+601.0677608731E-03
-7.8029200E-06,+568.9069554324E-03
-7.8021800E-06,+637.2486650944E-03
-7.8014400E-06,+637.2486650944E-03
-7.8007000E-06,+637.2486650944E-03
-7.7999600E-06,+637.2486650944E-03
-7.7992200E-06,+637.2486650944E-03
-7.7984800E-06,+637.2486650944E-03
-7.7977400E-06,+637.2486650944E-03
-7.7970000E-06,+637.2486650944E-03
-7.7962600E-06,+637.2486650944E-03
-7.7955200E-06,+637.2486650944E-03
-7.7947800E-06,+637.2486650944E-03
-7.7940400E-06,+637.2486650944E-03
-7.7933000E-06,+637.2486650944E-03
-7.7925600E-06,+637.2486650944E-03
-7.7918200E-06,+637.2486650944E-03
-7.7910800E-06,+637.2486650944E-03
-7.7903400E-06,+637.2486650944E-03
-7.7896000E-06,+697.5501725137E-03
-7.7888600E-06,+838.2536917925E-03
-7.7881200E-06,+838.2536917925E-03
-7.7873800E-06,+838.2536917925E-03
-7.7866400E-06,+637.2486650944E-03
-7.7859000E-06,+637.2486650944E-03
-7.7851600E-06,+637.2486650944E-03
-7.7844200E-06,+637.2486650944E-03
-7.7836800E-06,+637.2486650944E-03
-7.7829400E-06,+637.2486650944E-03
-7.7822000E-06,+637.2486650944E-03
-7.7814600E-06,+637.2486650944E-03
-7.7807200E-06,+637.2486650944E-03
-7.7799800E-06,+637.2486650944E-03
-7.7792400E-06,+633.2285651547E-03
-7.7785000E-06,+436.2436383963E-03
-7.7777600E-06,+633.2285639655E-03
-7.7770200E-06,+637.2486650944E-03
-7.7762800E-06,+637.2486650944E-03
-7.7755400E-06,+637.2486650944E-03
-7.7748000E-06,+637.2486650944E-03
-7.7740600E-06,+637.2486650944E-03
-7.7733200E-06,+637.2486650944E-03
-7.7725800E-06,+637.2486650944E-03
-7.7718400E-06,+637.2486650944E-03
-7.7711000E-06,+637.2486650944E-03
-7.7703600E-06,+637.2486650944E-03
-7.7696200E-06,+637.2486650944E-03
-7.7688800E-06,+637.2486650944E-03
-7.7681400E-06,+637.2486650944E-03
-7.7674000E-06,+637.2486650944E-03
-7.7666600E-06,+673.4295693007E-03
-7.7659200E-06,+838.2536917925E-03
-7.7651800E-06,+810.1129886548E-03
-7.7644400E-06,+637.2486650944E-03
-7.7637000E-06,+637.2486650944E-03
-7.7629600E-06,+637.2486650944E-03
-7.7622200E-06,+637.2486650944E-03
-7.7614800E-06,+637.2486650944E-03
-7.7607400E-06,
