x-axis,1,2
second,Volt,Volt
+8.0000000E-06,+376.8843859434E-03,+18.8693468421698E+00
+8.0005000E-06,+376.8843859434E-03,+18.8693468421698E+00
+8.0010000E-06,+376.8843859434E-03,+18.8693468421698E+00
+8.0015000E-06,+376.8843859434E-03,+18.8693468421698E+00
+8.0020000E-06,+376.8843859434E-03,+18.8693468421698E+00
+8.0025000E-06,+376.8843859434E-03,+18.8693468421698E+00
+8.0030000E-06,+376.8843859434E-03,+18.8693468421698E+00
+8.0035000E-06,+376.8843859434E-03,+18.8693468421698E+00
+8.0040000E-06,+376.8843859434E-03,+18.8693468421698E+00
+8.0045000E-06,+376.8843859434E-03,+18.8693468421698E+00
+8.0050000E-06,+376.8843859434E-03,+18.8693468421698E+00
+8.0055000E-06,+376.8843859434E-03,+18.8693468421698E+00
+8.0060000E-06,+577.8894126389E-03,+18.8693468421698E+00
+8.0065000E-06,+577.8894126415E-03,+18.8693468421698E+00
+8.0070000E-06,+577.8894126415E-03,+18.8693468421698E+00
+8.0075000E-06,+376.8843859467E-03,+18.8693468421698E+00
+8.0080000E-06,+376.8843859434E-03,+18.8693468421698E+00
+8.0085000E-06,+376.8843859434E-03,+18.8693468421698E+00
+8.0090000E-06,+376.8843859434E-03,+18.8693468421698E+00
+8.0095000E-06,+376.8843859434E-03,+18.8693468421698E+00
+8.0100000E-06,+376.8843859434E-03,+18.8693468421698E+00
+8.0105000E-06,+376.8843859434E-03,+18.8693468421698E+00
+8.0110000E-06,+376.8843859434E-03,+18.8693468421698E+00
+8.0115000E-06,+376.8843859434E-03,+18.8693468421698E+00
+8.0120000E-06,+376.8843859434E-03,+18.8693468421698E+00
+8.0125000E-06,+376.8843859434E-03,+18.8693468421698E+00
+8.0130000E-06,+376.8843859434E-03,+18.8693468421698E+00
+8.0135000E-06,+376.8843859434E-03,+18.8693468421698E+00
+8.0140000E-06,+376.8843859434E-03,+18.8693468421698E+00
+8.0145000E-06,+376.8843859434E-03,+18.8693468421698E+00
+8.0150000E-06,+376.8843859434E-03,+19.0703518688609E+00
+8.0155000E-06,+376.8843859434E-03,+19.0703518688679E+00
+8.0160000E-06,+376.8843859434E-03,+19.0703518688679E+00
+8.0165000E-06,+376.8843859434E-03,+19.0703518688679E+00
+8.0170000E-06,+376.8843859434E-03,+18.8693468421777E+00
+8.0175000E-06,+376.8843859434E-03,+18.8693468421698E+00
+8.0180000E-06,+376.8843859434E-03,+18.8693468421698E+00
+8.0185000E-06,+376.8843859434E-03,+18.8693468421698E+00
+8.0190000E-06,+376.8843859434E-03,+18.8693468421698E+00
+8.0195000E-06,+376.8843859434E-03,+18.8693468421698E+00
+8.0200000E-06,+376.8843859434E-03,+18.8693468421698E+00
+8.0205000E-06,+577.8894126319E-03,+18.8693468421698E+00
+8.0210000E-06,+577.8894126415E-03,+18.8693468421698E+00
+8.0215000E-06,+577.8894126415E-03,+18.8693468421698E+00
+8.0220000E-06,+577.8894126415E-03,+19.0703518688576E+00
+8.0225000E-06,+577.8894126415E-03,+19.0703518688679E+00
+8.0230000E-06,+577.8894126415E-03,+19.0703518688679E+00
+8.0235000E-06,+577.8894126415E-03,+19.0703518688679E+00
+8.0240000E-06,+577.8894126415E-03,+19.0703518688679E+00
+8.0245000E-06,+577.8894126415E-03,+19.0703518688679E+00
+8.0250000E-06,+577.8894126415E-03,+19.0703518688679E+00
+8.0255000E-06,+376.8843859554E-03,+19.0703518688679E+00
+8.0260000E-06,+376.8843859434E-03,+19.0703518688679E+00
+8.0265000E-06,+376.8843859434E-03,+19.0703518688679E+00
+8.0270000E-06,+376.8843859434E-03,+19.0703518688679E+00
+8.0275000E-06,+376.8843859434E-03,+19.0703518688679E+00
+8.0280000E-06,+376.8843859434E-03,+18.8693468421829E+00
+8.0285000E-06,+376.8843859434E-03,+18.8693468421698E+00
+8.0290000E-06,+376.8843859434E-03,+18.8693468421698E+00
+8.0295000E-06,+376.8843859434E-03,+18.8693468421698E+00
+8.0300000E-06,+376.8843859434E-03,+18.8693468421698E+00
+8.0305000E-06,+376.8843859434E-03,+18.8693468421698E+00
+8.0310000E-06,+376.8843859434E-03,+18.8693468421698E+00
+8.0315000E-06,+376.8843859434E-03,+18.8693468421698E+00
+8.0320000E-06,+376.8843859434E-03,+19.0703518688528E+00
+8.0325000E-06,+376.8843859434E-03,+19.0703518688679E+00
+8.0330000E-06,+376.8843859434E-03,+19.0703518688679E+00
+8.0335000E-06,+376.8843859434E-03,+19.0703518688679E+00
+8.0340000E-06,+376.8843859434E-03,+19.0703518688679E+00
+8.0345000E-06,+376.8843859434E-03,+19.0703518688679E+00
+8.0350000E-06,+376.8843859434E-03,+19.0703518688679E+00
+8.0355000E-06,+376.8843859434E-03,+18.8693468421866E+00
+8.0360000E-06,+577.8894126245E-03,+18.8693468421698E+00
+8.0365000E-06,+577.8894126415E-03,+18.8693468421698E+00
+8.0370000E-06,+577.8894126415E-03,+18.8693468421698E+00
+8.0375000E-06,+577.8894126415E-03,+18.6683418154894E+00
+8.0380000E-06,+376.8843859614E-03,+18.6683418154716E+00
+8.0385000E-06,+376.8843859434E-03,+18.6683418154716E+00
+8.0390000E-06,+376.8843859434E-03,+18.8693468421513E+00
+8.0395000E-06,+376.8843859434E-03,+18.8693468421698E+00
+8.0400000E-06,+376.8843859434E-03,+18.8693468421698E+00
+8.0405000E-06,+376.8843859434E-03,+18.8693468421698E+00
+8.0410000E-06,+376.8843859434E-03,+18.8693468421698E+00
+8.0415000E-06,+376.8843859434E-03,+18.8693468421698E+00
+8.0420000E-06,+376.8843859434E-03,+18.8693468421698E+00
+8.0425000E-06,+376.8843859434E-03,+18.8693468421698E+00
+8.0430000E-06,+175.8793592657E-03,+18.8693468421698E+00
+8.0435000E-06,+175.8793592453E-03,+18.8693468421698E+00
+8.0440000E-06,+376.8843859225E-03,+18.8693468421698E+00
+8.0445000E-06,+376.8843859434E-03,+18.8693468421698E+00
+8.0450000E-06,+376.8843859434E-03,+18.8693468421698E+00
+8.0455000E-06,+376.8843859434E-03,+18.8693468421698E+00
+8.0460000E-06,+376.8843859434E-03,+18.8693468421698E+00
+8.0465000E-06,+376.8843859434E-03,+18.8693468421698E+00
+8.0470000E-06,+376.8843859434E-03,+18.8693468421698E+00
+8.0475000E-06,+376.8843859434E-03,+18.8693468421698E+00
+8.0480000E-06,+577.8894126187E-03,+18.8693468421698E+00
+8.0485000E-06,+577.8894126415E-03,+18.8693468421698E+00
+8.0490000E-06,+577.8894126415E-03,+18.8693468421698E+00
+8.0495000E-06,+376.8843859669E-03,+18.8693468421698E+00
+8.0500000E-06,+376.8843859434E-03,+18.8693468421698E+00
+8.0505000E-06,+376.8843859434E-03,+18.8693468421698E+00
+8.0510000E-06,+376.8843859434E-03,+18.8693468421698E+00
+8.0515000E-06,+376.8843859434E-03,+18.8693468421698E+00
+8.0520000E-06,+376.8843859434E-03,+18.8693468421698E+00
+8.0525000E-06,+577.8894126166E-03,+18.8693468421698E+00
+8.0530000E-06,+577.8894126415E-03,+18.8693468421698E+00
+8.0535000E-06,+577.8894126415E-03,+18.8693468421698E+00
+8.0540000E-06,+376.8843859691E-03,+18.8693468421698E+00
+8.0545000E-06,+376.8843859434E-03,+18.8693468421698E+00
+8.0550000E-06,+376.8843859434E-03,+18.8693468421698E+00
+8.0555000E-06,+376.8843859434E-03,+18.8693468421698E+00
+8.0560000E-06,+376.8843859434E-03,+18.8693468421698E+00
+8.0565000E-06,+376.8843859434E-03,+18.8693468421698E+00
+8.0570000E-06,+376.8843859434E-03,+18.8693468421698E+00
+8.0575000E-06,+376.8843859434E-03,+18.8693468421698E+00
+8.0580000E-06,+376.8843859434E-03,+18.8693468421698E+00
+8.0585000E-06,+376.8843859434E-03,+18.8693468421698E+00
+8.0590000E-06,+376.8843859434E-03,+18.8693468421698E+00
+8.0595000E-06,+376.8843859434E-03,+18.8693468421698E+00
+8.0600000E-06,+376.8843859434E-03,+18.8693468421698E+00
+8.0605000E-06,+376.8843859434E-03,+18.8693468421698E+00
+8.0610000E-06,+376.8843859434E-03,+18.8693468421698E+00
+8.0615000E-06,+376.8843859434E-03,+18.8693468421698E+00
+8.0620000E-06,+376.8843859434E-03,+18.8693468421698E+00
+8.0625000E-06,+376.8843859434E-03,+18.8693468421698E+00
+8.0630000E-06,+376.8843859434E-03,+18.8693468421698E+00
+8.0635000E-06,+376.8843859434E-03,+18.8693468421698E+00
+8.0640000E-06,+376.8843859434E-03,+18.8693468421698E+00
+8.0645000E-06,+577.8894126108E-03,+18.8693468421698E+00
+8.0650000E-06,+577.8894126415E-03,+18.8693468421698E+00
+8.0655000E-06,+577.8894126415E-03,+18.8693468421698E+00
+8.0660000E-06,+577.8894126415E-03,+18.8693468421698E+00
+8.0665000E-06,+577.8894126415E-03,+18.8693468421698E+00
+8.0670000E-06,+577.8894126415E-03,+18.8693468421698E+00
+8.0675000E-06,+577.8894126415E-03,+18.8693468421698E+00
+8.0680000E-06,+577.8894126415E-03,+18.8693468421698E+00
+8.0685000E-06,+577.8894126415E-03,+18.8693468421698E+00
+8.0690000E-06,+577.8894126415E-03,+18.8693468421698E+00
+8.0695000E-06,+577.8894126415E-03,+18.8693468421698E+00
+8.0700000E-06,+577.8894126415E-03,+18.8693468421698E+00
+8.0705000E-06,+577.8894126415E-03,+18.8693468421698E+00
+8.0710000E-06,+376.8843859773E-03,+18.8693468421698E+00
+8.0715000E-06,+376.8843859434E-03,+18.8693468421698E+00
+8.0720000E-06,+376.8843859434E-03,+19.0703518688335E+00
+8.0725000E-06,+376.8843859434E-03,+19.0703518688679E+00
+8.0730000E-06,+376.8843859434E-03,+19.0703518688679E+00
+8.0735000E-06,+376.8843859434E-03,+19.0703518688679E+00
+8.0740000E-06,+376.8843859434E-03,+19.0703518688679E+00
+8.0745000E-06,+376.8843859434E-03,+19.0703518688679E+00
+8.0750000E-06,+376.8843859434E-03,+19.0703518688679E+00
+8.0755000E-06,+376.8843859434E-03,+19.0703518688679E+00
+8.0760000E-06,+376.8843859434E-03,+18.8693468422060E+00
+8.0765000E-06,+376.8843859434E-03,+18.8693468421698E+00
+8.0770000E-06,+376.8843859434E-03,+18.8693468421698E+00
+8.0775000E-06,+376.8843859434E-03,+18.8693468421698E+00
+8.0780000E-06,+376.8843859434E-03,+18.8693468421698E+00
+8.0785000E-06,+376.8843859434E-03,+18.8693468421698E+00
+8.0790000E-06,+376.8843859434E-03,+18.8693468421698E+00
+8.0795000E-06,+376.8843859434E-03,+18.8693468421698E+00
+8.0800000E-06,+376.8843859434E-03,+18.8693468421698E+00
+8.0805000E-06,+376.8843859434E-03,+18.8693468421698E+00
+8.0810000E-06,+376.8843859434E-03,+18.8693468421698E+00
+8.0815000E-06,+376.8843859434E-03,+18.8693468421698E+00
+8.0820000E-06,+376.8843859434E-03,+18.8693468421698E+00
+8.0825000E-06,+376.8843859434E-03,+18.8693468421698E+00
+8.0830000E-06,+376.8843859434E-03,+18.8693468421698E+00
+8.0835000E-06,+376.8843859434E-03,+18.8693468421698E+00
+8.0840000E-06,+376.8843859434E-03,+18.8693468421698E+00
+8.0845000E-06,+376.8843859434E-03,+18.8693468421698E+00
+8.0850000E-06,+376.8843859434E-03,+18.8693468421698E+00
+8.0855000E-06,+376.8843859434E-03,+18.8693468421698E+00
+8.0860000E-06,+376.8843859434E-03,+18.8693468421698E+00
+8.0865000E-06,+376.8843859434E-03,+18.8693468421698E+00
+8.0870000E-06,+376.8843859434E-03,+18.8693468421698E+00
+8.0875000E-06,+376.8843859434E-03,+18.8693468421698E+00
+8.0880000E-06,+577.8894125995E-03,+18.8693468421698E+00
+8.0885000E-06,+376.8843859857E-03,+18.8693468421698E+00
+8.0890000E-06,+376.8843859434E-03,+19.0703518688254E+00
+8.0895000E-06,+376.8843859434E-03,+19.0703518688679E+00
+8.0900000E-06,+376.8843859434E-03,+19.0703518688679E+00
+8.0905000E-06,+376.8843859434E-03,+19.0703518688679E+00
+8.0910000E-06,+376.8843859434E-03,+19.0703518688679E+00
+8.0915000E-06,+376.8843859434E-03,+19.0703518688679E+00
+8.0920000E-06,+376.8843859434E-03,+19.0703518688679E+00
+8.0925000E-06,+376.8843859434E-03,+19.0703518688679E+00
+8.0930000E-06,+376.8843859434E-03,+19.0703518688679E+00
+8.0935000E-06,+376.8843859434E-03,+19.0703518688679E+00
+8.0940000E-06,+376.8843859434E-03,+19.0703518688679E+00
+8.0945000E-06,+376.8843859434E-03,+19.0703518688679E+00
+8.0950000E-06,+376.8843859434E-03,+19.0703518688679E+00
+8.0955000E-06,+376.8843859434E-03,+18.8693468422154E+00
+8.0960000E-06,+376.8843859434E-03,+18.8693468421698E+00
+8.0965000E-06,+376.8843859434E-03,+18.8693468421698E+00
+8.0970000E-06,+376.8843859434E-03,+18.8693468421698E+00
+8.0975000E-06,+376.8843859434E-03,+18.8693468421698E+00
+8.0980000E-06,+376.8843859434E-03,+18.8693468421698E+00
+8.0985000E-06,+376.8843859434E-03,+18.8693468421698E+00
+8.0990000E-06,+376.8843859434E-03,+18.8693468421698E+00
+8.0995000E-06,+376.8843859434E-03,+18.8693468421698E+00
+8.1000000E-06,+376.8843859434E-03,+18.8693468421698E+00
+8.1005000E-06,+577.8894125935E-03,+18.8693468421698E+00
+8.1010000E-06,+577.8894126415E-03,+18.8693468421698E+00
+8.1015000E-06,+376.8843859919E-03,+18.8693468421698E+00
+8.1020000E-06,+376.8843859434E-03,+18.8693468421698E+00
+8.1025000E-06,+376.8843859434E-03,+18.8693468421698E+00
+8.1030000E-06,+376.8843859434E-03,+18.8693468421698E+00
+8.1035000E-06,+376.8843859434E-03,+18.8693468421698E+00
+8.1040000E-06,+376.8843859434E-03,+18.8693468421698E+00
+8.1045000E-06,+376.8843859434E-03,+18.8693468421698E+00
+8.1050000E-06,+376.8843859434E-03,+18.8693468421698E+00
+8.1055000E-06,+376.8843859434E-03,+18.8693468421698E+00
+8.1060000E-06,+376.8843859434E-03,+18.8693468421698E+00
+8.1065000E-06,+376.8843859434E-03,+18.8693468421698E+00
+8.1070000E-06,+376.8843859434E-03,+18.8693468421698E+00
+8.1075000E-06,+175.8793592967E-03,+18.8693468421698E+00
+8.1080000E-06,+175.8793592453E-03,+18.8693468421698E+00
+8.1085000E-06,+175.8793592453E-03,+18.8693468421698E+00
+8.1090000E-06,+175.8793592453E-03,+18.8693468421698E+00
+8.1095000E-06,+175.8793592453E-03,+18.8693468421698E+00
+8.1100000E-06,+175.8793592453E-03,+18.8693468421698E+00
+8.1105000E-06,+175.8793592453E-03,+18.8693468421698E+00
+8.1110000E-06,+175.8793592453E-03,+18.8693468421698E+00
+8.1115000E-06,+175.8793592453E-03,+18.8693468421698E+00
+8.1120000E-06,+376.8843858899E-03,+18.8693468421698E+00
+8.1125000E-06,+376.8843859434E-03,+18.8693468421698E+00
+8.1130000E-06,+376.8843859434E-03,+19.0703518688138E+00
+8.1135000E-06,+376.8843859434E-03,+19.0703518688679E+00
+8.1140000E-06,+376.8843859434E-03,+19.0703518688679E+00
+8.1145000E-06,+376.8843859434E-03,+19.0703518688679E+00
+8.1150000E-06,+376.8843859434E-03,+19.0703518688679E+00
+8.1155000E-06,+376.8843859434E-03,+19.0703518688679E+00
+8.1160000E-06,+376.8843859434E-03,+19.0703518688679E+00
+8.1165000E-06,+376.8843859434E-03,+19.0703518688679E+00
+8.1170000E-06,+376.8843859434E-03,+19.0703518688679E+00
+8.1175000E-06,+376.8843859434E-03,+19.0703518688679E+00
+8.1180000E-06,+376.8843859434E-03,+19.0703518688679E+00
+8.1185000E-06,+376.8843859434E-03,+19.0703518688679E+00
+8.1190000E-06,+376.8843859434E-03,+19.0703518688679E+00
+8.1195000E-06,+376.8843859434E-03,+19.0703518688679E+00
+8.1200000E-06,+376.8843859434E-03,+19.0703518688679E+00
+8.1205000E-06,+376.8843859434E-03,+19.0703518688679E+00
+8.1210000E-06,+376.8843859434E-03,+19.0703518688679E+00
+8.1215000E-06,+376.8843859434E-03,+19.0703518688679E+00
+8.1220000E-06,+376.8843859434E-03,+18.8693468422281E+00
+8.1225000E-06,+376.8843859434E-03,+18.8693468421698E+00
+8.1230000E-06,+376.8843859434E-03,+18.8693468421698E+00
+8.1235000E-06,+376.8843859434E-03,+18.8693468421698E+00
+8.1240000E-06,+376.8843859434E-03,+18.8693468421698E+00
+8.1245000E-06,+376.8843859434E-03,+18.8693468421698E+00
+8.1250000E-06,+376.8843859434E-03,+18.8693468421698E+00
+8.1255000E-06,+376.8843859434E-03,+18.8693468421698E+00
+8.1260000E-06,+376.8843859434E-03,+18.8693468421698E+00
+8.1265000E-06,+376.8843859434E-03,+18.8693468421698E+00
+8.1270000E-06,+376.8843859434E-03,+18.8693468421698E+00
+8.1275000E-06,+376.8843859434E-03,+18.8693468421698E+00
+8.1280000E-06,+376.8843859434E-03,+18.8693468421698E+00
+8.1285000E-06,+376.8843859434E-03,+18.8693468421698E+00
+8.1290000E-06,+376.8843859434E-03,+18.8693468421698E+00
+8.1295000E-06,+376.8843859434E-03,+18.8693468421698E+00
+8.1300000E-06,+376.8843859434E-03,+19.0703518688057E+00
+8.1305000E-06,+376.8843859434E-03,+19.0703518688679E+00
+8.1310000E-06,+376.8843859434E-03,+19.0703518688679E+00
+8.1315000E-06,+376.8843859434E-03,+18.8693468422327E+00
+8.1320000E-06,+376.8843859434E-03,+18.8693468421698E+00
+8.1325000E-06,+577.8894125781E-03,+18.8693468421698E+00
+8.1330000E-06,+577.8894126415E-03,+19.0703518688042E+00
+8.1335000E-06,+577.8894126415E-03,+19.0703518688679E+00
+8.1340000E-06,+577.8894126415E-03,+18.8693468422339E+00
+8.1345000E-06,+577.8894126415E-03,+18.8693468421698E+00
+8.1350000E-06,+577.8894126415E-03,+18.8693468421698E+00
+8.1355000E-06,+577.8894126415E-03,+18.8693468421698E+00
+8.1360000E-06,+577.8894126415E-03,+18.8693468421698E+00
+8.1365000E-06,+577.8894126415E-03,+18.8693468421698E+00
+8.1370000E-06,+577.8894126415E-03,+18.8693468421698E+00
+8.1375000E-06,+577.8894126415E-03,+18.8693468421698E+00
+8.1380000E-06,+577.8894126415E-03,+18.8693468421698E+00
+8.1385000E-06,+577.8894126415E-03,+18.8693468421698E+00
+8.1390000E-06,+376.8843860099E-03,+18.8693468421698E+00
+8.1395000E-06,+376.8843859434E-03,+18.8693468421698E+00
+8.1400000E-06,+376.8843859434E-03,+18.8693468421698E+00
+8.1405000E-06,+376.8843859434E-03,+18.8693468421698E+00
+8.1410000E-06,+376.8843859434E-03,+18.8693468421698E+00
+8.1415000E-06,+376.8843859434E-03,+18.8693468421698E+00
+8.1420000E-06,+376.8843859434E-03,+18.8693468421698E+00
+8.1425000E-06,+376.8843859434E-03,+18.8693468421698E+00
+8.1430000E-06,+376.8843859434E-03,+18.8693468421698E+00
+8.1435000E-06,+376.8843859434E-03,+18.8693468421698E+00
+8.1440000E-06,+376.8843859434E-03,+18.8693468421698E+00
+8.1445000E-06,+376.8843859434E-03,+18.8693468421698E+00
+8.1450000E-06,+376.8843859434E-03,+18.8693468421698E+00
+8.1455000E-06,+376.8843859434E-03,+19.0703518687982E+00
+8.1460000E-06,+376.8843859434E-03,+18.8693468422396E+00
+8.1465000E-06,+376.8843859434E-03,+18.8693468421698E+00
+8.1470000E-06,+376.8843859434E-03,+18.8693468421698E+00
+8.1475000E-06,+376.8843859434E-03,+18.8693468421698E+00
+8.1480000E-06,+376.8843859434E-03,+18.8693468421698E+00
+8.1485000E-06,+376.8843859434E-03,+18.8693468421698E+00
+8.1490000E-06,+577.8894125702E-03,+18.8693468421698E+00
+8.1495000E-06,+577.8894126415E-03,+18.8693468421698E+00
+8.1500000E-06,+577.8894126415E-03,+18.8693468421698E+00
+8.1505000E-06,+577.8894126415E-03,+18.8693468421698E+00
+8.1510000E-06,+577.8894126415E-03,+18.8693468421698E+00
+8.1515000E-06,+577.8894126415E-03,+18.8693468421698E+00
+8.1520000E-06,+577.8894126415E-03,+18.8693468421698E+00
+8.1525000E-06,+577.8894126415E-03,+19.0703518687949E+00
+8.1530000E-06,+577.8894126415E-03,+19.0703518688679E+00
+8.1535000E-06,+577.8894126415E-03,+19.0703518688679E+00
+8.1540000E-06,+577.8894126415E-03,+19.0703518688679E+00
+8.1545000E-06,+577.8894126415E-03,+19.0703518688679E+00
+8.1550000E-06,+577.8894126415E-03,+19.0703518688679E+00
+8.1555000E-06,+577.8894126415E-03,+18.8693468422442E+00
+8.1560000E-06,+577.8894126415E-03,+18.8693468421698E+00
+8.1565000E-06,+778.8944392647E-03,+18.8693468421698E+00
+8.1570000E-06,+577.8894127167E-03,+18.8693468421698E+00
+8.1575000E-06,+577.8894126415E-03,+18.8693468421698E+00
+8.1580000E-06,+577.8894126415E-03,+18.8693468421698E+00
+8.1585000E-06,+778.8944392637E-03,+18.8693468421698E+00
+8.1590000E-06,+778.8944393396E-03,+18.8693468421698E+00
+8.1595000E-06,+778.8944393396E-03,+18.8693468421698E+00
+8.1600000E-06,+778.8944393396E-03,+18.8693468421698E+00
+8.1605000E-06,+778.8944393396E-03,+18.8693468421698E+00
+8.1610000E-06,+778.8944393396E-03,+18.8693468421698E+00
+8.1615000E-06,+778.8944393396E-03,+18.8693468421698E+00
+8.1620000E-06,+778.8944393396E-03,+18.8693468421698E+00
+8.1625000E-06,+778.8944393396E-03,+18.8693468421698E+00
+8.1630000E-06,+778.8944393396E-03,+18.8693468421698E+00
+8.1635000E-06,+778.8944393396E-03,+18.8693468421698E+00
+8.1640000E-06,+778.8944393396E-03,+18.8693468421698E+00
+8.1645000E-06,+778.8944393396E-03,+18.8693468421698E+00
+8.1650000E-06,+778.8944393396E-03,+18.8693468421698E+00
+8.1655000E-06,+778.8944393396E-03,+18.8693468421698E+00
+8.1660000E-06,+778.8944393396E-03,+18.8693468421698E+00
+8.1665000E-06,+778.8944393396E-03,+18.8693468421698E+00
+8.1670000E-06,+778.8944393396E-03,+18.8693468421698E+00
+8.1675000E-06,+778.8944393396E-03,+18.8693468421698E+00
+8.1680000E-06,+979.8994659573E-03,+18.8693468421698E+00
+8.1685000E-06,+979.8994660378E-03,+18.8693468421698E+00
+8.1690000E-06,+979.8994660378E-03,+18.8693468421698E+00
+8.1695000E-06,+979.8994660378E-03,+18.8693468421698E+00
+8.1700000E-06,+979.8994660378E-03,+18.8693468421698E+00
+8.1705000E-06,+979.8994660378E-03,+18.8693468421698E+00
+8.1710000E-06,+979.8994660378E-03,+18.8693468421698E+00
+8.1715000E-06,+979.8994660378E-03,+18.8693468421698E+00
+8.1720000E-06,+1.1809044926535E+00,+18.8693468421698E+00
+8.1725000E-06,+1.1809044927359E+00,+19.0703518687853E+00
+8.1730000E-06,+1.1809044927359E+00,+19.0703518688679E+00
+8.1735000E-06,+1.1809044927359E+00,+19.0703518688679E+00
+8.1740000E-06,+1.3819095193506E+00,+19.0703518688679E+00
+8.1745000E-06,+1.3819095194340E+00,+19.0703518688679E+00
+8.1750000E-06,+1.3819095194340E+00,+19.0703518688679E+00
+8.1755000E-06,+1.3819095194340E+00,+19.0703518688679E+00
+8.1760000E-06,+1.3819095194340E+00,+19.0703518688679E+00
+8.1765000E-06,+1.5829145460475E+00,+19.0703518688679E+00
+8.1770000E-06,+1.5829145461321E+00,+19.0703518688679E+00
+8.1775000E-06,+1.5829145461321E+00,+18.8693468422548E+00
+8.1780000E-06,+1.5829145461321E+00,+18.8693468421698E+00
+8.1785000E-06,+1.7839195727447E+00,+19.0703518687824E+00
+8.1790000E-06,+1.7839195728302E+00,+19.0703518688679E+00
+8.1795000E-06,+1.7839195728302E+00,+19.0703518688679E+00
+8.1800000E-06,+1.7839195728302E+00,+19.0703518688679E+00
+8.1805000E-06,+1.9849245994418E+00,+19.0703518688679E+00
+8.1810000E-06,+1.9849245995283E+00,+18.8693468422565E+00
+8.1815000E-06,+1.9849245995283E+00,+18.8693468421698E+00
+8.1820000E-06,+1.9849245995283E+00,+18.8693468421698E+00
+8.1825000E-06,+2.1859296261390E+00,+18.8693468421698E+00
+8.1830000E-06,+2.1859296262264E+00,+18.8693468421698E+00
+8.1835000E-06,+2.1859296262264E+00,+18.8693468421698E+00
+8.1840000E-06,+2.3869346528364E+00,+18.8693468421698E+00
+8.1845000E-06,+2.3869346529245E+00,+18.8693468421698E+00
+8.1850000E-06,+2.3869346529245E+00,+18.8693468421698E+00
+8.1855000E-06,+2.5879396795338E+00,+18.8693468421698E+00
+8.1860000E-06,+2.5879396796227E+00,+18.8693468421698E+00
+8.1865000E-06,+2.5879396796227E+00,+18.8693468421698E+00
+8.1870000E-06,+2.5879396796227E+00,+18.8693468421698E+00
+8.1875000E-06,+2.7889447062309E+00,+18.6683418155615E+00
+8.1880000E-06,+2.7889447063208E+00,+18.6683418154716E+00
+8.1885000E-06,+2.7889447063208E+00,+18.6683418154716E+00
+8.1890000E-06,+2.7889447063208E+00,+18.6683418154716E+00
+8.1895000E-06,+2.9899497329281E+00,+18.4673367888643E+00
+8.1900000E-06,+2.9899497330189E+00,+18.4673367887735E+00
+8.1905000E-06,+2.9899497330189E+00,+18.2663317621667E+00
+8.1910000E-06,+3.1909547596255E+00,+18.2663317620754E+00
+8.1915000E-06,+3.1909547597170E+00,+18.0653267354691E+00
+8.1920000E-06,+3.3919597863231E+00,+18.0653267353773E+00
+8.1925000E-06,+3.3919597864151E+00,+17.8643217087714E+00
+8.1930000E-06,+3.5929648130207E+00,+17.6633166820736E+00
+8.1935000E-06,+3.5929648131132E+00,+17.6633166819811E+00
+8.1940000E-06,+3.7939698397184E+00,+17.4623116553759E+00
+8.1945000E-06,+3.7939698398113E+00,+17.2613066286780E+00
+8.1950000E-06,+3.7939698398113E+00,+17.2613066285849E+00
+8.1955000E-06,+3.9949748664158E+00,+17.0603016019804E+00
+8.1960000E-06,+3.9949748665094E+00,+16.8592965752826E+00
+8.1965000E-06,+4.1959798931134E+00,+16.6582915485847E+00
+8.1970000E-06,+4.1959798932076E+00,+16.6582915484905E+00
+8.1975000E-06,+4.3969849198110E+00,+16.4572865218870E+00
+8.1980000E-06,+4.3969849199057E+00,+16.2562814951892E+00
+8.1985000E-06,+4.5979899465087E+00,+16.2562814950943E+00
+8.1990000E-06,+4.5979899466038E+00,+16.0552764684915E+00
+8.1995000E-06,+4.7989949732063E+00,+16.0552764683962E+00
+8.2000000E-06,+4.7989949733019E+00,+15.8542714417939E+00
+8.2005000E-06,+4.7989949733019E+00,+15.6532664150960E+00
+8.2010000E-06,+4.9999999999037E+00,+15.6532664150000E+00
+8.2015000E-06,+5.0000000000000E+00,+15.4522613883984E+00
+8.2020000E-06,+5.0000000000000E+00,+15.2512563617005E+00
+8.2025000E-06,+5.2010050266011E+00,+15.2512563616037E+00
+8.2030000E-06,+5.2010050266981E+00,+15.0502513350029E+00
+8.2035000E-06,+5.2010050266981E+00,+14.8492463083050E+00
+8.2040000E-06,+5.4020100532985E+00,+14.6482412816072E+00
+8.2045000E-06,+5.4020100533962E+00,+14.6482412815094E+00
+8.2050000E-06,+5.4020100533962E+00,+14.4472362549095E+00
+8.2055000E-06,+5.4020100533962E+00,+14.2462312282117E+00
+8.2060000E-06,+5.6030150799956E+00,+14.0452262015138E+00
+8.2065000E-06,+5.6030150800943E+00,+13.8442211748159E+00
+8.2070000E-06,+5.6030150800943E+00,+13.6432161481180E+00
+8.2075000E-06,+5.6030150800943E+00,+13.4422111214202E+00
+8.2080000E-06,+5.6030150800943E+00,+13.2412060947223E+00
+8.2085000E-06,+5.6030150800943E+00,+13.0402010680244E+00
+8.2090000E-06,+5.6030150800943E+00,+12.8391960413265E+00
+8.2095000E-06,+5.4020100534966E+00,+12.4371859880310E+00
+8.2100000E-06,+5.4020100533962E+00,+12.0351759346352E+00
+8.2105000E-06,+5.2010050267990E+00,+11.6331658812395E+00
+8.2110000E-06,+5.2010050266981E+00,+11.2311558278437E+00
+8.2115000E-06,+5.0000000001014E+00,+10.8291457744480E+00
+8.2120000E-06,+4.7989949734035E+00,+10.4271357210522E+00
+8.2125000E-06,+4.7989949733019E+00,+10.0251256676565E+00
+8.2130000E-06,+4.5979899467059E+00,+9.8241206408568E+00
+8.2135000E-06,+4.3969849200080E+00,+9.4221105875631E+00
+8.2140000E-06,+4.3969849199057E+00,+9.0201005341674E+00
+8.2145000E-06,+4.1959798933104E+00,+8.8190955073670E+00
+8.2150000E-06,+4.1959798932076E+00,+8.6180904806691E+00
+8.2155000E-06,+3.9949748666127E+00,+8.4170854539712E+00
+8.2160000E-06,+3.9949748665094E+00,+8.2160804272733E+00
+8.2165000E-06,+3.9949748665094E+00,+8.0150754005755E+00
+8.2170000E-06,+4.1959798931036E+00,+7.8140703738776E+00
+8.2175000E-06,+4.1959798932076E+00,+7.8140703737736E+00
+8.2180000E-06,+4.1959798932076E+00,+7.6130653471800E+00
+8.2185000E-06,+4.1959798932076E+00,+7.4120603204821E+00
+8.2190000E-06,+4.1959798932076E+00,+7.4120603203774E+00
+8.2195000E-06,+4.3969849198005E+00,+7.2110552937845E+00
+8.2200000E-06,+4.3969849199057E+00,+7.0100502670866E+00
+8.2205000E-06,+4.3969849199057E+00,+7.0100502669811E+00
+8.2210000E-06,+4.3969849199057E+00,+6.8090452403889E+00
+8.2215000E-06,+4.5979899464976E+00,+6.6080402136911E+00
+8.2220000E-06,+4.5979899466038E+00,+6.6080402135849E+00
+8.2225000E-06,+4.5979899466038E+00,+6.4070351869934E+00
+8.2230000E-06,+4.5979899466038E+00,+6.2060301602956E+00
+8.2235000E-06,+4.5979899466038E+00,+6.2060301601887E+00
+8.2240000E-06,+4.5979899466038E+00,+6.0050251335979E+00
+8.2245000E-06,+4.5979899466038E+00,+5.8040201069001E+00
+8.2250000E-06,+4.5979899466038E+00,+5.8040201067925E+00
+8.2255000E-06,+4.5979899466038E+00,+5.6030150802024E+00
+8.2260000E-06,+4.5979899466038E+00,+5.6030150800943E+00
+8.2265000E-06,+4.5979899466038E+00,+5.4020100535048E+00
+8.2270000E-06,+4.5979899466038E+00,+5.2010050268069E+00
+8.2275000E-06,+4.5979899466038E+00,+5.0000000001091E+00
+8.2280000E-06,+4.5979899466038E+00,+5.0000000000000E+00
+8.2285000E-06,+4.5979899466038E+00,+4.7989949734114E+00
+8.2290000E-06,+4.5979899466038E+00,+4.5979899467135E+00
+8.2295000E-06,+4.5979899466038E+00,+4.5979899466038E+00
+8.2300000E-06,+4.5979899466038E+00,+4.3969849200159E+00
+8.2305000E-06,+4.5979899466038E+00,+4.1959798933180E+00
+8.2310000E-06,+4.5979899466038E+00,+4.1959798932076E+00
+8.2315000E-06,+4.5979899466038E+00,+3.9949748666204E+00
+8.2320000E-06,+4.5979899466038E+00,+3.9949748665094E+00
+8.2325000E-06,+4.5979899466038E+00,+3.7939698399228E+00
+8.2330000E-06,+4.5979899466038E+00,+3.7939698398113E+00
+8.2335000E-06,+4.5979899466038E+00,+3.7939698398113E+00
+8.2340000E-06,+4.5979899466038E+00,+3.5929648132254E+00
+8.2345000E-06,+4.5979899466038E+00,+3.5929648131132E+00
+8.2350000E-06,+4.5979899466038E+00,+3.3919597865278E+00
+8.2355000E-06,+4.5979899466038E+00,+3.3919597864151E+00
+8.2360000E-06,+4.7989949731888E+00,+3.3919597864151E+00
+8.2365000E-06,+4.7989949733019E+00,+3.1909547598304E+00
+8.2370000E-06,+4.7989949733019E+00,+3.1909547597170E+00
+8.2375000E-06,+4.7989949733019E+00,+2.9899497331327E+00
+8.2380000E-06,+4.9999999998859E+00,+2.9899497330189E+00
+8.2385000E-06,+5.0000000000000E+00,+2.9899497330189E+00
+8.2390000E-06,+5.0000000000000E+00,+2.7889447064353E+00
+8.2395000E-06,+5.0000000000000E+00,+2.7889447063208E+00
+8.2400000E-06,+5.0000000000000E+00,+2.5879396797377E+00
+8.2405000E-06,+5.0000000000000E+00,+2.5879396796227E+00
+8.2410000E-06,+5.0000000000000E+00,+2.3869346530401E+00
+8.2415000E-06,+5.0000000000000E+00,+2.3869346529245E+00
+8.2420000E-06,+5.0000000000000E+00,+2.1859296263424E+00
+8.2425000E-06,+5.0000000000000E+00,+2.1859296262264E+00
+8.2430000E-06,+5.0000000000000E+00,+1.9849245996448E+00
+8.2435000E-06,+5.0000000000000E+00,+1.9849245995283E+00
+8.2440000E-06,+5.2010050265811E+00,+1.7839195729472E+00
+8.2445000E-06,+5.2010050266981E+00,+1.7839195728302E+00
+8.2450000E-06,+5.2010050266981E+00,+1.7839195728302E+00
+8.2455000E-06,+5.2010050266981E+00,+1.7839195728302E+00
+8.2460000E-06,+5.2010050266981E+00,+1.5829145462500E+00
+8.2465000E-06,+5.2010050266981E+00,+1.5829145461321E+00
+8.2470000E-06,+5.2010050266981E+00,+1.5829145461321E+00
+8.2475000E-06,+5.2010050266981E+00,+1.5829145461321E+00
+8.2480000E-06,+5.2010050266981E+00,+1.3819095195529E+00
+8.2485000E-06,+5.2010050266981E+00,+1.3819095194340E+00
+8.2490000E-06,+5.2010050266981E+00,+1.3819095194340E+00
+8.2495000E-06,+5.2010050266981E+00,+1.3819095194340E+00
+8.2500000E-06,+5.4020100532764E+00,+1.1809044928557E+00
+8.2505000E-06,+5.4020100533962E+00,+1.1809044927359E+00
+8.2510000E-06,+5.4020100533962E+00,+1.1809044927359E+00
+8.2515000E-06,+5.4020100533962E+00,+1.1809044927359E+00
+8.2520000E-06,+5.4020100533962E+00,+979.8994661586E-03
+8.2525000E-06,+5.6030150799733E+00,+979.8994660378E-03
+8.2530000E-06,+5.6030150800943E+00,+979.8994660378E-03
+8.2535000E-06,+5.6030150800943E+00,+778.8944394612E-03
+8.2540000E-06,+5.6030150800943E+00,+778.8944393396E-03
+8.2545000E-06,+5.6030150800943E+00,+778.8944393396E-03
+8.2550000E-06,+5.6030150800943E+00,+778.8944393396E-03
+8.2555000E-06,+5.6030150800943E+00,+778.8944393396E-03
+8.2560000E-06,+5.8040201066697E+00,+778.8944393396E-03
+8.2565000E-06,+5.8040201067925E+00,+778.8944393396E-03
+8.2570000E-06,+5.8040201067925E+00,+778.8944393396E-03
+8.2575000E-06,+5.8040201067925E+00,+778.8944393396E-03
+8.2580000E-06,+5.8040201067925E+00,+778.8944393396E-03
+8.2585000E-06,+6.0050251333666E+00,+778.8944393396E-03
+8.2590000E-06,+6.0050251334906E+00,+778.8944393396E-03
+8.2595000E-06,+6.0050251334906E+00,+778.8944393396E-03
+8.2600000E-06,+6.0050251334906E+00,+577.8894127662E-03
+8.2605000E-06,+6.0050251334906E+00,+577.8894126415E-03
+8.2610000E-06,+6.0050251334906E+00,+577.8894126415E-03
+8.2615000E-06,+6.2060301600633E+00,+577.8894126415E-03
+8.2620000E-06,+6.2060301601887E+00,+577.8894126415E-03
+8.2625000E-06,+6.2060301601887E+00,+577.8894126415E-03
+8.2630000E-06,+6.2060301601887E+00,+577.8894126415E-03
+8.2635000E-06,+6.2060301601887E+00,+577.8894126415E-03
+8.2640000E-06,+6.4070351867602E+00,+577.8894126415E-03
+8.2645000E-06,+6.4070351868868E+00,+577.8894126415E-03
+8.2650000E-06,+6.4070351868868E+00,+376.8843860705E-03
+8.2655000E-06,+6.4070351868868E+00,+376.8843859434E-03
+8.2660000E-06,+6.6080402134573E+00,+376.8843859434E-03
+8.2665000E-06,+6.6080402135849E+00,+175.8793593731E-03
+8.2670000E-06,+6.6080402135849E+00,+175.8793592453E-03
+8.2675000E-06,+6.6080402135849E+00,+175.8793592453E-03
+8.2680000E-06,+6.8090452401545E+00,+175.8793592453E-03
+8.2685000E-06,+6.8090452402830E+00,+175.8793592453E-03
+8.2690000E-06,+6.8090452402830E+00,+175.8793592453E-03
+8.2695000E-06,+6.8090452402830E+00,+175.8793592453E-03
+8.2700000E-06,+6.8090452402830E+00,-25.1256673233E-03
+8.2705000E-06,+6.8090452402830E+00,-25.1256674528E-03
+8.2710000E-06,+6.8090452402830E+00,+175.8793591153E-03
+8.2715000E-06,+6.8090452402830E+00,+175.8793592453E-03
+8.2720000E-06,+7.0100502668507E+00,+175.8793592453E-03
+8.2725000E-06,+7.0100502669811E+00,+175.8793592453E-03
+8.2730000E-06,+7.0100502669811E+00,+175.8793592453E-03
+8.2735000E-06,+7.0100502669811E+00,+175.8793592453E-03
+8.2740000E-06,+7.2110552935478E+00,+175.8793592453E-03
+8.2745000E-06,+7.2110552936792E+00,+175.8793592453E-03
+8.2750000E-06,+7.2110552936792E+00,+175.8793592453E-03
+8.2755000E-06,+7.2110552936792E+00,+175.8793592453E-03
+8.2760000E-06,+7.4120603202450E+00,+175.8793592453E-03
+8.2765000E-06,+7.4120603203774E+00,+175.8793592453E-03
+8.2770000E-06,+7.4120603203774E+00,+175.8793592453E-03
+8.2775000E-06,+7.4120603203774E+00,-25.1256673197E-03
+8.2780000E-06,+7.4120603203774E+00,-25.1256674528E-03
+8.2785000E-06,+7.4120603203774E+00,-25.1256674528E-03
+8.2790000E-06,+7.6130653469417E+00,-25.1256674528E-03
+8.2795000E-06,+7.6130653470755E+00,-25.1256674528E-03
+8.2800000E-06,+7.6130653470755E+00,-25.1256674528E-03
+8.2805000E-06,+7.6130653470755E+00,-25.1256674528E-03
+8.2810000E-06,+7.8140703736388E+00,-25.1256674528E-03
+8.2815000E-06,+7.8140703737736E+00,-25.1256674528E-03
+8.2820000E-06,+7.8140703737736E+00,-25.1256674528E-03
+8.2825000E-06,+8.0150754003362E+00,-25.1256674528E-03
+8.2830000E-06,+8.0150754004717E+00,-25.1256674528E-03
+8.2835000E-06,+8.0150754004717E+00,-25.1256674528E-03
+8.2840000E-06,+8.0150754004717E+00,-25.1256674528E-03
+8.2845000E-06,+8.0150754004717E+00,-25.1256674528E-03
+8.2850000E-06,+8.0150754004717E+00,-25.1256674528E-03
+8.2855000E-06,+8.2160804270329E+00,-25.1256674528E-03
+8.2860000E-06,+8.2160804271698E+00,-25.1256674528E-03
+8.2865000E-06,+8.2160804271698E+00,-226.1306940135E-03
+8.2870000E-06,+8.2160804271698E+00,-25.1256675904E-03
+8.2875000E-06,+8.2160804271698E+00,-25.1256674528E-03
+8.2880000E-06,+8.2160804271698E+00,-25.1256674528E-03
+8.2885000E-06,+8.2160804271698E+00,-25.1256674528E-03
+8.2890000E-06,+8.4170854537293E+00,-25.1256674528E-03
+8.2895000E-06,+8.4170854538679E+00,-25.1256674528E-03
+8.2900000E-06,+8.4170854538679E+00,-25.1256674528E-03
+8.2905000E-06,+8.4170854538679E+00,-25.1256674528E-03
+8.2910000E-06,+8.4170854538679E+00,-25.1256674528E-03
+8.2915000E-06,+8.4170854538679E+00,-25.1256674528E-03
+8.2920000E-06,+8.6180904804260E+00,-25.1256674528E-03
+8.2925000E-06,+8.6180904805660E+00,-25.1256674528E-03
+8.2930000E-06,+8.6180904805660E+00,-25.1256674528E-03
+8.2935000E-06,+8.6180904805660E+00,-25.1256674528E-03
+8.2940000E-06,+8.6180904805660E+00,-25.1256674528E-03
+8.2945000E-06,+8.8190955071229E+00,-25.1256674528E-03
+8.2950000E-06,+8.8190955072641E+00,-25.1256674528E-03
+8.2955000E-06,+8.8190955072641E+00,-25.1256674528E-03
+8.2960000E-06,+8.8190955072641E+00,-25.1256674528E-03
+8.2965000E-06,+9.0201005338201E+00,-25.1256674528E-03
+8.2970000E-06,+9.0201005339623E+00,-25.1256674528E-03
+8.2975000E-06,+9.0201005339623E+00,-25.1256674528E-03
+8.2980000E-06,+9.0201005339623E+00,-25.1256674528E-03
+8.2985000E-06,+9.0201005339623E+00,-25.1256674528E-03
+8.2990000E-06,+9.2211055605170E+00,-25.1256674528E-03
+8.2995000E-06,+9.2211055606604E+00,-25.1256674528E-03
+8.3000000E-06,+9.2211055606604E+00,-25.1256674528E-03
+8.3005000E-06,+9.2211055606604E+00,-25.1256674528E-03
+8.3010000E-06,+9.2211055606604E+00,-25.1256674528E-03
+8.3015000E-06,+9.2211055606604E+00,-226.1306940063E-03
+8.3020000E-06,+9.4221105872136E+00,-226.1306941509E-03
+8.3025000E-06,+9.4221105873585E+00,-226.1306941509E-03
+8.3030000E-06,+9.4221105873585E+00,-226.1306941509E-03
+8.3035000E-06,+9.4221105873585E+00,-226.1306941509E-03
+8.3040000E-06,+9.4221105873585E+00,-226.1306941509E-03
+8.3045000E-06,+9.4221105873585E+00,-226.1306941509E-03
+8.3050000E-06,+9.4221105873585E+00,-226.1306941509E-03
+8.3055000E-06,+9.6231156139101E+00,-226.1306941509E-03
+8.3060000E-06,+9.6231156140566E+00,-226.1306941509E-03
+8.3065000E-06,+9.6231156140566E+00,-226.1306941509E-03
+8.3070000E-06,+9.6231156140566E+00,-226.1306941509E-03
+8.3075000E-06,+9.6231156140566E+00,-226.1306941509E-03
+8.3080000E-06,+9.6231156140566E+00,-226.1306941509E-03
+8.3085000E-06,+9.6231156140566E+00,-226.1306941509E-03
+8.3090000E-06,+9.8241206406065E+00,-226.1306941509E-03
+8.3095000E-06,+9.8241206407547E+00,-226.1306941509E-03
+8.3100000E-06,+9.8241206407547E+00,-226.1306941509E-03
+8.3105000E-06,+9.8241206407547E+00,-226.1306941509E-03
+8.3110000E-06,+9.8241206407547E+00,-226.1306941509E-03
+8.3115000E-06,+9.8241206407547E+00,-226.1306941509E-03
+8.3120000E-06,+9.8241206407547E+00,-226.1306941509E-03
+8.3125000E-06,+9.8241206407547E+00,-226.1306941509E-03
+8.3130000E-06,+10.0251256673027E+00,-226.1306941509E-03
+8.3135000E-06,+10.0251256674528E+00,-226.1306941509E-03
+8.3140000E-06,+10.0251256674528E+00,-226.1306941509E-03
+8.3145000E-06,+10.0251256674528E+00,-226.1306941509E-03
+8.3150000E-06,+10.0251256674528E+00,-226.1306941509E-03
+8.3155000E-06,+10.0251256674528E+00,-226.1306941509E-03
+8.3160000E-06,+10.0251256674528E+00,-226.1306941509E-03
+8.3165000E-06,+10.0251256674528E+00,-226.1306941509E-03
+8.3170000E-06,+10.2261306939989E+00,-226.1306941509E-03
+8.3175000E-06,+10.2261306941509E+00,-25.1256676051E-03
+8.3180000E-06,+10.2261306941509E+00,-226.1306939984E-03
+8.3185000E-06,+10.2261306941509E+00,-226.1306941509E-03
+8.3190000E-06,+10.2261306941509E+00,-226.1306941509E-03
+8.3195000E-06,+10.2261306941509E+00,-226.1306941509E-03
+8.3200000E-06,+10.2261306941509E+00,-25.1256676063E-03
+8.3205000E-06,+10.4271357206953E+00,-25.1256674528E-03
+8.3210000E-06,+10.4271357208490E+00,-25.1256674528E-03
+8.3215000E-06,+10.4271357208490E+00,-25.1256674528E-03
+8.3220000E-06,+10.4271357208490E+00,-25.1256674528E-03
+8.3225000E-06,+10.4271357208490E+00,-25.1256674528E-03
+8.3230000E-06,+10.4271357208490E+00,-25.1256674528E-03
+8.3235000E-06,+10.6281407473920E+00,-25.1256674528E-03
+8.3240000E-06,+10.6281407475471E+00,-25.1256674528E-03
+8.3245000E-06,+10.6281407475471E+00,-25.1256674528E-03
+8.3250000E-06,+10.6281407475471E+00,-25.1256674528E-03
+8.3255000E-06,+10.8291457740891E+00,-25.1256674528E-03
+8.3260000E-06,+10.8291457742453E+00,-226.1306939946E-03
+8.3265000E-06,+10.8291457742453E+00,-226.1306941509E-03
+8.3270000E-06,+10.8291457742453E+00,-226.1306941509E-03
+8.3275000E-06,+10.8291457742453E+00,-226.1306941509E-03
+8.3280000E-06,+10.8291457742453E+00,-226.1306941509E-03
+8.3285000E-06,+10.8291457742453E+00,-226.1306941509E-03
+8.3290000E-06,+10.8291457742453E+00,-226.1306941509E-03
+8.3295000E-06,+10.8291457742453E+00,-226.1306941509E-03
+8.3300000E-06,+10.8291457742453E+00,-226.1306941509E-03
+8.3305000E-06,+10.8291457742453E+00,-226.1306941509E-03
+8.3310000E-06,+11.0301508007846E+00,-226.1306941509E-03
+8.3315000E-06,+11.0301508009434E+00,-226.1306941509E-03
+8.3320000E-06,+11.0301508009434E+00,-226.1306941509E-03
+8.3325000E-06,+11.0301508009434E+00,-226.1306941509E-03
+8.3330000E-06,+11.0301508009434E+00,-226.1306941509E-03
+8.3335000E-06,+11.0301508009434E+00,-226.1306941509E-03
+8.3340000E-06,+11.2311558274813E+00,-226.1306941509E-03
+8.3345000E-06,+11.2311558276415E+00,-226.1306941509E-03
+8.3350000E-06,+11.2311558276415E+00,-226.1306941509E-03
+8.3355000E-06,+11.2311558276415E+00,-226.1306941509E-03
+8.3360000E-06,+11.2311558276415E+00,-226.1306941509E-03
+8.3365000E-06,+11.4321608541782E+00,-226.1306941509E-03
+8.3370000E-06,+11.4321608543396E+00,-226.1306941509E-03
+8.3375000E-06,+11.4321608543396E+00,-226.1306941509E-03
+8.3380000E-06,+11.4321608543396E+00,-226.1306941509E-03
+8.3385000E-06,+11.4321608543396E+00,-226.1306941509E-03
+8.3390000E-06,+11.4321608543396E+00,-226.1306941509E-03
+8.3395000E-06,+11.4321608543396E+00,-226.1306941509E-03
+8.3400000E-06,+11.4321608543396E+00,-25.1256676159E-03
+8.3405000E-06,+11.6331658808744E+00,-25.1256674528E-03
+8.3410000E-06,+11.6331658810377E+00,-25.1256674528E-03
+8.3415000E-06,+11.6331658810377E+00,-25.1256674528E-03
+8.3420000E-06,+11.6331658810377E+00,-25.1256674528E-03
+8.3425000E-06,+11.6331658810377E+00,-25.1256674528E-03
+8.3430000E-06,+11.6331658810377E+00,-25.1256674528E-03
+8.3435000E-06,+11.6331658810377E+00,-25.1256674528E-03
+8.3440000E-06,+11.8341709075708E+00,-25.1256674528E-03
+8.3445000E-06,+11.8341709077358E+00,-25.1256674528E-03
+8.3450000E-06,+11.8341709077358E+00,-226.1306939854E-03
+8.3455000E-06,+11.8341709077358E+00,-226.1306941509E-03
+8.3460000E-06,+11.8341709077358E+00,-226.1306941509E-03
+8.3465000E-06,+11.8341709077358E+00,-226.1306941509E-03
+8.3470000E-06,+11.8341709077358E+00,-226.1306941509E-03
+8.3475000E-06,+11.8341709077358E+00,-226.1306941509E-03
+8.3480000E-06,+11.8341709077358E+00,-226.1306941509E-03
+8.3485000E-06,+11.8341709077358E+00,-226.1306941509E-03
+8.3490000E-06,+11.8341709077358E+00,-226.1306941509E-03
+8.3495000E-06,+11.8341709077358E+00,-226.1306941509E-03
+8.3500000E-06,+11.8341709077358E+00,-226.1306941509E-03
+8.3505000E-06,+11.8341709077358E+00,-427.1357206809E-03
+8.3510000E-06,+11.8341709077358E+00,-226.1306943193E-03
+8.3515000E-06,+11.8341709077358E+00,-226.1306941509E-03
+8.3520000E-06,+11.8341709077358E+00,-226.1306941509E-03
+8.3525000E-06,+12.0351759342648E+00,-226.1306941509E-03
+8.3530000E-06,+12.0351759344339E+00,-226.1306941509E-03
+8.3535000E-06,+12.0351759344339E+00,-226.1306941509E-03
+8.3540000E-06,+12.0351759344339E+00,-226.1306941509E-03
+8.3545000E-06,+12.0351759344339E+00,-25.1256676229E-03
+8.3550000E-06,+12.0351759344339E+00,-25.1256674528E-03
+8.3555000E-06,+12.0351759344339E+00,-25.1256674528E-03
+8.3560000E-06,+12.2361809609613E+00,-25.1256674528E-03
+8.3565000E-06,+12.2361809611320E+00,-25.1256674528E-03
+8.3570000E-06,+12.2361809611320E+00,-25.1256674528E-03
+8.3575000E-06,+12.2361809611320E+00,-25.1256674528E-03
+8.3580000E-06,+12.4371859876584E+00,-25.1256674528E-03
+8.3585000E-06,+12.4371859878302E+00,-25.1256674528E-03
+8.3590000E-06,+12.4371859878302E+00,-25.1256674528E-03
+8.3595000E-06,+12.4371859878302E+00,-25.1256674528E-03
+8.3600000E-06,+12.4371859878302E+00,-25.1256674528E-03
+8.3605000E-06,+12.4371859878302E+00,-25.1256674528E-03
+8.3610000E-06,+12.4371859878302E+00,-25.1256674528E-03
+8.3615000E-06,+12.4371859878302E+00,-25.1256674528E-03
+8.3620000E-06,+12.4371859878302E+00,-25.1256674528E-03
+8.3625000E-06,+12.4371859878302E+00,-25.1256674528E-03
+8.3630000E-06,+12.4371859878302E+00,-25.1256674528E-03
+8.3635000E-06,+12.4371859878302E+00,-25.1256674528E-03
+8.3640000E-06,+12.4371859878302E+00,-25.1256674528E-03
+8.3645000E-06,+12.4371859878302E+00,-25.1256674528E-03
+8.3650000E-06,+12.4371859878302E+00,-25.1256674528E-03
+8.3655000E-06,+12.4371859878302E+00,-25.1256674528E-03
+8.3660000E-06,+12.4371859878302E+00,-226.1306939753E-03
+8.3665000E-06,+12.4371859878302E+00,-226.1306941509E-03
+8.3670000E-06,+12.4371859878302E+00,-226.1306941509E-03
+8.3675000E-06,+12.6381910143520E+00,-226.1306941509E-03
+8.3680000E-06,+12.6381910145283E+00,-226.1306941509E-03
+8.3685000E-06,+12.6381910145283E+00,-226.1306941509E-03
+8.3690000E-06,+12.6381910145283E+00,-226.1306941509E-03
+8.3695000E-06,+12.6381910145283E+00,-226.1306941509E-03
+8.3700000E-06,+12.6381910145283E+00,-226.1306941509E-03
+8.3705000E-06,+12.6381910145283E+00,-226.1306941509E-03
+8.3710000E-06,+12.6381910145283E+00,-226.1306941509E-03
+8.3715000E-06,+12.6381910145283E+00,-226.1306941509E-03
+8.3720000E-06,+12.6381910145283E+00,-226.1306941509E-03
+8.3725000E-06,+12.8391960410477E+00,-226.1306941509E-03
+8.3730000E-06,+12.8391960412264E+00,-226.1306941509E-03
+8.3735000E-06,+12.8391960412264E+00,-226.1306941509E-03
+8.3740000E-06,+12.8391960412264E+00,-226.1306941509E-03
+8.3745000E-06,+12.8391960412264E+00,-226.1306941509E-03
+8.3750000E-06,+12.8391960412264E+00,-226.1306941509E-03
+8.3755000E-06,+12.8391960412264E+00,-226.1306941509E-03
+8.3760000E-06,+12.8391960412264E+00,-226.1306941509E-03
+8.3765000E-06,+12.8391960412264E+00,-226.1306941509E-03
+8.3770000E-06,+12.8391960412264E+00,-226.1306941509E-03
+8.3775000E-06,+12.8391960412264E+00,-226.1306941509E-03
+8.3780000E-06,+12.8391960412264E+00,-226.1306941509E-03
+8.3785000E-06,+12.8391960412264E+00,-226.1306941509E-03
+8.3790000E-06,+12.8391960412264E+00,-226.1306941509E-03
+8.3795000E-06,+12.8391960412264E+00,-226.1306941509E-03
+8.3800000E-06,+12.8391960412264E+00,-226.1306941509E-03
+8.3805000E-06,+12.8391960412264E+00,-226.1306941509E-03
+8.3810000E-06,+12.8391960412264E+00,-226.1306941509E-03
+8.3815000E-06,+12.8391960412264E+00,-226.1306941509E-03
+8.3820000E-06,+12.8391960412264E+00,-226.1306941509E-03
+8.3825000E-06,+12.8391960412264E+00,-226.1306941509E-03
+8.3830000E-06,+12.8391960412264E+00,-226.1306941509E-03
+8.3835000E-06,+13.0402010677405E+00,-226.1306941509E-03
+8.3840000E-06,+13.0402010679245E+00,-226.1306941509E-03
+8.3845000E-06,+13.0402010679245E+00,-25.1256676373E-03
+8.3850000E-06,+13.0402010679245E+00,-25.1256674528E-03
+8.3855000E-06,+12.8391960414113E+00,-25.1256674528E-03
+8.3860000E-06,+13.0402010677393E+00,-25.1256674528E-03
+8.3865000E-06,+13.0402010679245E+00,-25.1256674528E-03
+8.3870000E-06,+13.0402010679245E+00,-25.1256674528E-03
+8.3875000E-06,+13.0402010679245E+00,-25.1256674528E-03
+8.3880000E-06,+13.0402010679245E+00,-25.1256674528E-03
+8.3885000E-06,+13.0402010679245E+00,-25.1256674528E-03
+8.3890000E-06,+13.0402010679245E+00,-25.1256674528E-03
+8.3895000E-06,+13.0402010679245E+00,-25.1256674528E-03
+8.3900000E-06,+13.0402010679245E+00,-25.1256674528E-03
+8.3905000E-06,+13.0402010679245E+00,-226.1306939635E-03
+8.3910000E-06,+13.0402010679245E+00,-226.1306941509E-03
+8.3915000E-06,+13.0402010679245E+00,-226.1306941509E-03
+8.3920000E-06,+13.2412060944345E+00,-226.1306941509E-03
+8.3925000E-06,+13.2412060946226E+00,-226.1306941509E-03
+8.3930000E-06,+13.2412060946226E+00,-226.1306941509E-03
+8.3935000E-06,+13.2412060946226E+00,-226.1306941509E-03
+8.3940000E-06,+13.2412060946226E+00,-226.1306941509E-03
+8.3945000E-06,+13.2412060946226E+00,-226.1306941509E-03
+8.3950000E-06,+13.2412060946226E+00,-226.1306941509E-03
+8.3955000E-06,+13.4422111211310E+00,-226.1306941509E-03
+8.3960000E-06,+13.4422111213207E+00,-226.1306941509E-03
+8.3965000E-06,+13.4422111213207E+00,-226.1306941509E-03
+8.3970000E-06,+13.4422111213207E+00,-226.1306941509E-03
+8.3975000E-06,+13.4422111213207E+00,-226.1306941509E-03
+8.3980000E-06,+13.4422111213207E+00,-226.1306941509E-03
+8.3985000E-06,+13.4422111213207E+00,-226.1306941509E-03
+8.3990000E-06,+13.4422111213207E+00,-226.1306941509E-03
+8.3995000E-06,+13.4422111213207E+00,-226.1306941509E-03
+8.4000000E-06,+13.4422111213207E+00,-226.1306941509E-03
+8.4005000E-06,+13.4422111213207E+00,-226.1306941509E-03
+8.4010000E-06,+13.4422111213207E+00,-226.1306941509E-03
+8.4015000E-06,+13.4422111213207E+00,-226.1306941509E-03
+8.4020000E-06,+13.4422111213207E+00,-226.1306941509E-03
+8.4025000E-06,+13.4422111213207E+00,-226.1306941509E-03
+8.4030000E-06,+13.6432161478255E+00,-226.1306941509E-03
+8.4035000E-06,+13.6432161480188E+00,-226.1306941509E-03
+8.4040000E-06,+13.4422111215146E+00,-25.1256676467E-03
+8.4045000E-06,+13.4422111213207E+00,-25.1256674528E-03
+8.4050000E-06,+13.4422111213207E+00,-25.1256674528E-03
+8.4055000E-06,+13.4422111213207E+00,-25.1256674528E-03
+8.4060000E-06,+13.6432161478240E+00,-25.1256674528E-03
+8.4065000E-06,+13.6432161480188E+00,-25.1256674528E-03
+8.4070000E-06,+13.6432161480188E+00,-25.1256674528E-03
+8.4075000E-06,+13.6432161480188E+00,-25.1256674528E-03
+8.4080000E-06,+13.6432161480188E+00,-25.1256674528E-03
+8.4085000E-06,+13.6432161480188E+00,-226.1306939549E-03
+8.4090000E-06,+13.6432161480188E+00,-226.1306941509E-03
+8.4095000E-06,+13.6432161480188E+00,-226.1306941509E-03
+8.4100000E-06,+13.6432161480188E+00,-226.1306941509E-03
+8.4105000E-06,+13.6432161480188E+00,-226.1306941509E-03
+8.4110000E-06,+13.6432161480188E+00,-226.1306941509E-03
+8.4115000E-06,+13.6432161480188E+00,-226.1306941509E-03
+8.4120000E-06,+13.6432161480188E+00,-25.1256676505E-03
+8.4125000E-06,+13.6432161480188E+00,-226.1306939530E-03
+8.4130000E-06,+13.6432161480188E+00,-25.1256676510E-03
+8.4135000E-06,+13.6432161480188E+00,-25.1256674528E-03
+8.4140000E-06,+13.6432161480188E+00,-25.1256674528E-03
+8.4145000E-06,+13.6432161480188E+00,-25.1256674528E-03
+8.4150000E-06,+13.8442211745178E+00,-25.1256674528E-03
+8.4155000E-06,+13.8442211747169E+00,-25.1256674528E-03
+8.4160000E-06,+13.8442211747169E+00,-226.1306939513E-03
+8.4165000E-06,+13.8442211747169E+00,-226.1306941509E-03
+8.4170000E-06,+13.8442211747169E+00,-226.1306941509E-03
+8.4175000E-06,+13.8442211747169E+00,-226.1306941509E-03
+8.4180000E-06,+13.8442211747169E+00,-226.1306941509E-03
+8.4185000E-06,+13.8442211747169E+00,-226.1306941509E-03
+8.4190000E-06,+13.8442211747169E+00,-226.1306941509E-03
+8.4195000E-06,+13.8442211747169E+00,-226.1306941509E-03
+8.4200000E-06,+13.8442211747169E+00,-226.1306941509E-03
+8.4205000E-06,+13.8442211747169E+00,-226.1306941509E-03
+8.4210000E-06,+13.8442211747169E+00,-226.1306941509E-03
+8.4215000E-06,+13.8442211747169E+00,-226.1306941509E-03
+8.4220000E-06,+13.8442211747169E+00,-226.1306941509E-03
+8.4225000E-06,+13.8442211747169E+00,-226.1306941509E-03
+8.4230000E-06,+13.8442211747169E+00,-226.1306941509E-03
+8.4235000E-06,+13.8442211747169E+00,-226.1306941509E-03
+8.4240000E-06,+13.8442211747169E+00,-226.1306941509E-03
+8.4245000E-06,+13.8442211747169E+00,-25.1256676565E-03
+8.4250000E-06,+13.8442211747169E+00,-25.1256674528E-03
+8.4255000E-06,+13.8442211747169E+00,-25.1256674528E-03
+8.4260000E-06,+13.8442211747169E+00,-25.1256674528E-03
+8.4265000E-06,+13.8442211747169E+00,-226.1306939463E-03
+8.4270000E-06,+13.8442211747169E+00,-226.1306941509E-03
+8.4275000E-06,+13.8442211747169E+00,-226.1306941509E-03
+8.4280000E-06,+13.8442211747169E+00,-226.1306941509E-03
+8.4285000E-06,+13.8442211747169E+00,-226.1306941509E-03
+8.4290000E-06,+13.8442211747169E+00,-226.1306941509E-03
+8.4295000E-06,+13.8442211747169E+00,-226.1306941509E-03
+8.4300000E-06,+13.8442211747169E+00,-226.1306941509E-03
+8.4305000E-06,+13.8442211747169E+00,-226.1306941509E-03
+8.4310000E-06,+13.8442211747169E+00,-226.1306941509E-03
+8.4315000E-06,+13.8442211747169E+00,-226.1306941509E-03
+8.4320000E-06,+13.8442211747169E+00,-226.1306941509E-03
+8.4325000E-06,+13.8442211747169E+00,-226.1306941509E-03
+8.4330000E-06,+13.8442211747169E+00,-25.1256676606E-03
+8.4335000E-06,+13.8442211747169E+00,-25.1256674528E-03
+8.4340000E-06,+14.0452262012068E+00,-25.1256674528E-03
+8.4345000E-06,+13.8442211749255E+00,-25.1256674528E-03
+8.4350000E-06,+13.8442211747169E+00,-25.1256674528E-03
+8.4355000E-06,+13.8442211747169E+00,-25.1256674528E-03
+8.4360000E-06,+13.8442211747169E+00,-25.1256674528E-03
+8.4365000E-06,+14.0452262012056E+00,-25.1256674528E-03
+8.4370000E-06,+14.0452262014151E+00,-226.1306939412E-03
+8.4375000E-06,+14.0452262014151E+00,-226.1306941509E-03
+8.4380000E-06,+14.0452262014151E+00,-226.1306941509E-03
+8.4385000E-06,+14.0452262014151E+00,-226.1306941509E-03
+8.4390000E-06,+14.0452262014151E+00,-226.1306941509E-03
+8.4395000E-06,+14.0452262014151E+00,-226.1306941509E-03
+8.4400000E-06,+14.0452262014151E+00,-226.1306941509E-03
+8.4405000E-06,+14.0452262014151E+00,-226.1306941509E-03
+8.4410000E-06,+14.0452262014151E+00,-226.1306941509E-03
+8.4415000E-06,+14.0452262014151E+00,-226.1306941509E-03
+8.4420000E-06,+14.0452262014151E+00,-226.1306941509E-03
+8.4425000E-06,+14.0452262014151E+00,-25.1256676652E-03
+8.4430000E-06,+14.0452262014151E+00,-25.1256674528E-03
+8.4435000E-06,+14.0452262014151E+00,-25.1256674528E-03
+8.4440000E-06,+14.0452262014151E+00,-25.1256674528E-03
+8.4445000E-06,+14.0452262014151E+00,-25.1256674528E-03
+8.4450000E-06,+14.0452262014151E+00,-25.1256674528E-03
+8.4455000E-06,+14.0452262014151E+00,-25.1256674528E-03
+8.4460000E-06,+14.0452262014151E+00,-25.1256674528E-03
+8.4465000E-06,+14.0452262014151E+00,-25.1256674528E-03
+8.4470000E-06,+14.0452262014151E+00,-25.1256674528E-03
+8.4475000E-06,+14.0452262014151E+00,-25.1256674528E-03
+8.4480000E-06,+14.0452262014151E+00,-25.1256674528E-03
+8.4485000E-06,+14.0452262014151E+00,-25.1256674528E-03
+8.4490000E-06,+14.0452262014151E+00,-25.1256674528E-03
+8.4495000E-06,+14.2462312278975E+00,-25.1256674528E-03
+8.4500000E-06,+14.2462312281132E+00,-25.1256674528E-03
+8.4505000E-06,+14.2462312281132E+00,-25.1256674528E-03
+8.4510000E-06,+14.2462312281132E+00,-25.1256674528E-03
+8.4515000E-06,+14.2462312281132E+00,-25.1256674528E-03
+8.4520000E-06,+14.2462312281132E+00,-25.1256674528E-03
+8.4525000E-06,+14.2462312281132E+00,-226.1306939337E-03
+8.4530000E-06,+14.2462312281132E+00,-226.1306941509E-03
+8.4535000E-06,+14.2462312281132E+00,-226.1306941509E-03
+8.4540000E-06,+14.2462312281132E+00,-226.1306941509E-03
+8.4545000E-06,+14.2462312281132E+00,-25.1256676710E-03
+8.4550000E-06,+14.2462312281132E+00,-25.1256674528E-03
+8.4555000E-06,+14.2462312281132E+00,-25.1256674528E-03
+8.4560000E-06,+14.0452262016339E+00,-25.1256674528E-03
+8.4565000E-06,+14.0452262014151E+00,-25.1256674528E-03
+8.4570000E-06,+14.0452262014151E+00,-25.1256674528E-03
+8.4575000E-06,+14.0452262014151E+00,-25.1256674528E-03
+8.4580000E-06,+14.0452262014151E+00,-25.1256674528E-03
+8.4585000E-06,+14.0452262014151E+00,-25.1256674528E-03
+8.4590000E-06,+14.0452262014151E+00,-25.1256674528E-03
+8.4595000E-06,+14.0452262014151E+00,-25.1256674528E-03
+8.4600000E-06,+14.2462312278924E+00,-226.1306939302E-03
+8.4605000E-06,+14.2462312281132E+00,-226.1306941509E-03
+8.4610000E-06,+14.2462312281132E+00,-226.1306941509E-03
+8.4615000E-06,+14.2462312281132E+00,-226.1306941509E-03
+8.4620000E-06,+14.2462312281132E+00,-226.1306941509E-03
+8.4625000E-06,+14.2462312281132E+00,-226.1306941509E-03
+8.4630000E-06,+14.2462312281132E+00,-226.1306941509E-03
+8.4635000E-06,+14.2462312281132E+00,-226.1306941509E-03
+8.4640000E-06,+14.2462312281132E+00,-226.1306941509E-03
+8.4645000E-06,+14.2462312281132E+00,-226.1306941509E-03
+8.4650000E-06,+14.2462312281132E+00,-25.1256676760E-03
+8.4655000E-06,+14.2462312281132E+00,-25.1256674528E-03
+8.4660000E-06,+14.2462312281132E+00,-25.1256674528E-03
+8.4665000E-06,+14.2462312281132E+00,-25.1256674528E-03
+8.4670000E-06,+14.2462312281132E+00,-25.1256674528E-03
+8.4675000E-06,+14.2462312281132E+00,-25.1256674528E-03
+8.4680000E-06,+14.2462312281132E+00,-25.1256674528E-03
+8.4685000E-06,+14.2462312281132E+00,-25.1256674528E-03
+8.4690000E-06,+14.2462312281132E+00,-25.1256674528E-03
+8.4695000E-06,+14.2462312281132E+00,-226.1306939256E-03
+8.4700000E-06,+14.2462312281132E+00,-226.1306941509E-03
+8.4705000E-06,+14.2462312281132E+00,-226.1306941509E-03
+8.4710000E-06,+14.2462312281132E+00,-226.1306941509E-03
+8.4715000E-06,+14.2462312281132E+00,-226.1306941509E-03
+8.4720000E-06,+14.2462312281132E+00,-226.1306941509E-03
+8.4725000E-06,+14.4472362545845E+00,-226.1306941509E-03
+8.4730000E-06,+14.4472362548113E+00,-226.1306941509E-03
+8.4735000E-06,+14.4472362548113E+00,-226.1306941509E-03
+8.4740000E-06,+14.4472362548113E+00,-226.1306941509E-03
+8.4745000E-06,+14.4472362548113E+00,-226.1306941509E-03
+8.4750000E-06,+14.4472362548113E+00,-226.1306941509E-03
+8.4755000E-06,+14.4472362548113E+00,-226.1306941509E-03
+8.4760000E-06,+14.6482412812809E+00,-226.1306941509E-03
+8.4765000E-06,+14.4472362550400E+00,-226.1306941509E-03
+8.4770000E-06,+14.4472362548113E+00,-226.1306941509E-03
+8.4775000E-06,+14.4472362548113E+00,-226.1306941509E-03
+8.4780000E-06,+14.4472362548113E+00,-226.1306941509E-03
+8.4785000E-06,+14.4472362548113E+00,-226.1306941509E-03
+8.4790000E-06,+14.4472362548113E+00,-226.1306941509E-03
+8.4795000E-06,+14.2462312283433E+00,-226.1306941509E-03
+8.4800000E-06,+14.2462312281132E+00,-226.1306941509E-03
+8.4805000E-06,+14.2462312281132E+00,-226.1306941509E-03
+8.4810000E-06,+14.2462312281132E+00,-226.1306941509E-03
+8.4815000E-06,+14.2462312281132E+00,-226.1306941509E-03
+8.4820000E-06,+14.2462312281132E+00,-25.1256676842E-03
+8.4825000E-06,+14.2462312281132E+00,-25.1256674528E-03
+8.4830000E-06,+14.2462312281132E+00,-25.1256674528E-03
+8.4835000E-06,+14.2462312281132E+00,-25.1256674528E-03
+8.4840000E-06,+14.2462312281132E+00,-25.1256674528E-03
+8.4845000E-06,+14.2462312281132E+00,-25.1256674528E-03
+8.4850000E-06,+14.2462312281132E+00,-25.1256674528E-03
+8.4855000E-06,+14.4472362545783E+00,-25.1256674528E-03
+8.4860000E-06,+14.4472362548113E+00,-25.1256674528E-03
+8.4865000E-06,+14.2462312283467E+00,-25.1256674528E-03
+8.4870000E-06,+14.2462312281132E+00,-25.1256674528E-03
+8.4875000E-06,+14.4472362545773E+00,-25.1256674528E-03
+8.4880000E-06,+14.4472362548113E+00,-25.1256674528E-03
+8.4885000E-06,+14.4472362548113E+00,-25.1256674528E-03
+8.4890000E-06,+14.4472362548113E+00,-25.1256674528E-03
+8.4895000E-06,+14.4472362548113E+00,-25.1256674528E-03
+8.4900000E-06,+14.4472362548113E+00,-25.1256674528E-03
+8.4905000E-06,+14.4472362548113E+00,-25.1256674528E-03
+8.4910000E-06,+14.4472362548113E+00,-25.1256674528E-03
+8.4915000E-06,+14.4472362548113E+00,-226.1306939150E-03
+8.4920000E-06,+14.4472362548113E+00,-226.1306941509E-03
+8.4925000E-06,+14.4472362548113E+00,-226.1306941509E-03
+8.4930000E-06,+14.4472362548113E+00,-226.1306941509E-03
+8.4935000E-06,+14.4472362548113E+00,-226.1306941509E-03
+8.4940000E-06,+14.4472362548113E+00,-226.1306941509E-03
+8.4945000E-06,+14.4472362548113E+00,-226.1306941509E-03
+8.4950000E-06,+14.4472362548113E+00,-226.1306941509E-03
+8.4955000E-06,+14.4472362548113E+00,-226.1306941509E-03
+8.4960000E-06,+14.4472362548113E+00,-226.1306941509E-03
+8.4965000E-06,+14.4472362548113E+00,-25.1256676911E-03
+8.4970000E-06,+14.4472362548113E+00,-25.1256674528E-03
+8.4975000E-06,+14.4472362548113E+00,-25.1256674528E-03
+8.4980000E-06,+14.4472362548113E+00,-25.1256674528E-03
+8.4985000E-06,+14.4472362548113E+00,-25.1256674528E-03
+8.4990000E-06,+14.4472362548113E+00,-25.1256674528E-03
+8.4995000E-06,+14.4472362548113E+00,-25.1256674528E-03
